Num_Acc;an;mois;jour;hrmn;lum;agg;int;atm;col;com;adr;gps;lat;long;dep
200600013540;6;3;13;850;1;2;2;1;3;14;R D ALESIA R AMIRAL MOUC;;;;750
200600013551;6;3;14;1930;5;2;1;1;7;10;2 BD DE STRASBOURG;;;;750
200600013552;6;3;14;1724;1;2;1;1;3;10;86 Q DE JEMMAPES;;;;750
200600013559;6;3;14;1300;1;2;1;1;3;15;43 Q DE GRENELLE;;;;750
200600013563;6;3;15;1530;1;2;1;1;6;2;152 R MONTMARTRE;;;;750
200600013634;6;3;16;1715;1;2;3;1;3;10;R DE DUNKERQUE PL NAPOLE;;;;750
200600013664;6;3;17;915;1;2;3;1;7;8;PL DE LA MADELEINE R TRO;;;;750
200600013666;6;3;17;1540;1;2;1;1;6;10;22 R LUCIEN SAMPAIX;;;;750
200600013677;6;3;18;1220;1;2;1;1;7;15;80 BD GARIBALDI;;;;750
200600013682;6;3;17;905;1;2;1;1;3;15;57 R CAMBRONNE;;;;750
200600013714;6;3;20;945;1;2;2;1;3;5;R GAY LUSSAC R SAINT JAC;;;;750
200600013715;6;3;20;1025;1;2;3;1;6;7;R DE BABYLONE R BARBET D;;;;750
200600013725;6;3;20;1800;1;2;2;2;3;15;R DE LA CONVENTION R DE;;;;750
200600013734;6;3;27;1450;1;2;1;1;3;13;66 R DE TOLBIAC;;;;750
200600013739;6;3;21;845;1;2;2;2;6;4;R JULES COUSIN R DU PETI;;;;750
200600013740;6;3;21;1539;1;2;2;1;3;6;BD RASPAIL R DE VAUGIRAR;;;;750
200600013743;6;3;21;1305;1;2;1;1;6;10;7 BD DE LA VILLETTE;;;;750
200600013775;6;3;23;1705;1;2;3;1;6;10;R FRANCIS JAMMES PL ROBE;;;;750
200600013778;6;3;22;905;1;2;4;2;3;19;R DAVID D ANGERS R DE LA;;;;750
200600013797;6;3;25;1102;1;2;4;1;7;16;RTE DES MOULINS RTE SEVR;;;;750
200600013832;6;3;30;825;1;2;4;2;1;11;R J PIERRE TIMBAUD A DE;;;;750
200600013836;6;3;30;920;1;2;3;2;2;19;PL AUGUSTE BARON BD COMM;;;;750
200600013838;6;3;29;235;5;2;3;2;6;1;PL ANDRE MALRAUX R DE RI;;;;750
200600013839;6;3;29;1740;1;2;1;1;3;13;1 PL VALHUBERT;;;;750
200600013853;6;3;27;1130;1;2;1;8;6;14;22 BD JOURDAN;;;;750
200600013877;6;3;23;910;1;2;1;1;6;20;62 BD DE BELLEVILLE;;;;750
200600013887;6;3;24;820;1;2;1;2;3;20;4 AV GAMBETTA;;;;750
200600013908;6;3;31;1815;1;2;1;1;3;16;L10170 AV GEORGES LAFONT;;;;750
200600013920;6;3;28;850;1;2;2;1;3;3;R REAUMUR R SAINT MARTIN;;;;750
200600013925;6;3;31;1900;5;2;1;1;6;6;6 BD SAINT MICHEL;;;;750
200600013958;6;3;25;2135;5;2;1;8;2;217;1, MORINIERE (RUE DE LA);;;;760
200600013976;6;3;15;1525;1;2;1;1;2;575;1, BOIS DU VAL L'ABBE;;;;760
200600013981;6;3;18;1420;1;2;1;1;7;216;1, FONTENELLE. RUE DE;;;;760
200600014008;6;3;29;1025;1;2;6;2;6;438;SAINT GERMAIN DES NOYERS;;;;770
200600014022;6;3;22;1235;1;2;1;1;2;284;ROOSEVELT (AV.DU PDT);;;;770
200600014037;6;3;25;1350;1;2;1;1;3;390;MALIBRAN (AVENUE DE LA);;;;770
200600014039;6;3;12;1830;2;2;1;1;6;390;MALIBRAN (AVENUE DE LA);;;;770
200600014056;6;3;20;810;1;2;6;1;3;208;Indét, COMMANDERIE (BOUL;;;;780
200600014063;6;3;16;1820;1;2;1;1;6;423;VAUBAN (BOULEVARD);;;;780
200600014099;6;3;5;755;1;2;2;1;3;586;MERMOZ (JEAN);;;;780
200600014101;6;3;10;755;1;2;3;1;3;586;BERTEAUX (MAURICE) N°2 A;;;;780
200600014107;6;3;1;1950;5;2;1;4;3;621;36, VAILLANT COUTURIER (;;;;780
200600014130;6;3;17;1600;1;2;2;1;6;646;0, ANGIVILLER (RUE D');;;;780
200600014190;6;3;25;1545;1;2;1;1;3;65;14, PERIE (RUE THERON);;;;810
200600014226;6;3;29;1100;2;1;1;1;3;69;MARINE (BOULEVARD DE LA);;;;830
200600014233;6;3;20;730;1;2;6;1;2;129;JUIN MARECHAL (AV DU);;;;830
200600014274;6;3;3;1720;1;2;1;1;6;7;LYON (route de );;;;840
200600014283;6;3;23;1345;1;2;3;1;3;7;ROYAUME et DALADIER (Pon;;;;840
200600014291;6;3;31;1645;1;2;2;1;3;7;PIERRE SEMARD (avenue);;;;840
200600014292;6;3;29;1120;1;2;1;1;2;31;MOULIN AVENUE DU;;;;840
200600014293;6;3;2;800;1;2;1;1;3;35;000, KENNEDY (AVENUE J.F;;;;840
200600014303;6;3;5;1549;1;2;2;1;3;191;0, VOLTAIRE RUE;;;;850
200600014335;6;3;1;1352;1;2;2;1;3;85;95, BELLAC (RUE DE);;;;870
200600014373;6;3;20;1430;1;2;1;1;6;424;AVENUE DU GENERAL DE GAU;;;;880
200600014382;6;3;16;810;1;2;1;1;2;10;6, MAGASIN (RUE DU);;;;900
200600014384;6;3;18;1555;1;2;3;1;3;99;23, MARTINET (RUE DU);;;;900
200600014389;6;3;19;1710;1;2;3;1;3;114;GERMAINE (RUE);;;;910
200600014422;6;3;13;1500;1;2;1;1;6;326;15, GAMBETTA (QUAI);;;;910
200600014482;6;3;11;1115;1;2;4;1;3;71;0, CHERRIER ALPHONSE (RU;;;;920
200600014505;6;3;1;1700;1;2;1;1;6;25;CASIMIR VINCENT (RUE);;;;920
200600014534;6;3;12;945;1;2;6;1;3;40;VICTOR HUGO (ROND-POINT);;;;920
200600014569;6;3;28;1245;1;2;1;3;7;50;PORT RUE DU;;;;920
200600014570;6;3;28;1520;1;2;3;1;3;50;MOZART RUE;;;;920
200600014579;6;3;22;1300;1;2;1;2;3;51;83/85, ROULE (AVENUE DU,;;;;920
200600014613;6;3;28;935;1;2;3;1;3;46;-, GABRIEL PERI;;;;920
200600014641;6;3;25;900;1;2;6;8;3;8;5 et 7, ROSTAND (PROMENA;;;;930
200600014721;6;3;7;1125;1;2;2;1;6;53;90, VAILLANT COUTURIER (;;;;930
200600014779;6;3;19;1822;1;2;3;1;1;73;BUISSON AUMAY (AVENUE DU;;;;930
200600014789;6;3;3;810;2;2;2;3;3;2;152, VAILLANT COUTURIER;;;;940
200600014854;6;3;27;1740;1;2;1;1;1;28;FRANCE LIBRE(AVENUE DE L;M;4878100.0;0.0;940
200600014874;6;3;30;1145;1;2;1;1;3;41;36, LENINE (R);;;;940
200600014881;6;3;6;1320;1;2;1;1;3;46;00, REPUBLIQUE (AV DE LA;;;;940
200600014882;6;3;9;2120;5;2;3;1;3;46;00, MARC SANGNIER (R);;;;940
200600014898;6;3;16;915;1;2;1;1;2;52;46, COULMIERS (R DE);;;;940
200600014941;6;3;10;1620;1;2;1;1;3;18;BEZONS (QUAI DE);;;;950
200600014954;6;3;15;1710;1;2;1;1;3;63;96, FRERES BONNEFF (RUE;;;;950
200600014977;6;3;16;1710;1;2;3;1;3;563;00, PARIS (RUE DE);;;;950
200600015259;6;3;22;815;1;2;2;1;3;383;ANDRE PHILIP;;;;690
200600015303;6;3;3;1530;1;2;1;1;2;388;26, VILLON (DE);;;;690
200600015306;6;3;16;910;1;2;1;1;6;388;48, FRERES LUMIERE (DES);;;;690
200600015404;6;3;15;1545;1;2;1;7;3;80;Rue Jules Plus;M;0.0;0.0;590
200600015509;6;3;5;1245;1;1;1;7;1;31;;M;0.0;0.0;270
200600015539;6;3;26;1745;1;1;1;1;6;171;;M;0.0;0.0;350
200600015540;6;3;31;1815;1;1;1;1;3;184;;M;0.0;0.0;350
200600015673;6;3;6;800;1;1;1;1;3;18;;M;0.0;0.0;440
200600015696;6;3;10;1330;1;1;1;1;2;78;;M;4733100.0;-41800.0;490
200600015722;6;3;15;1700;1;2;1;1;3;277;rue de l hopital;M;0.0;0.0;490
200600015729;6;3;26;1845;1;2;2;1;3;64;CD 248, rue la Forêt;M;4834100.0;-74300.0;530
200600015752;6;3;1;1330;1;2;6;1;1;92;ROND POINT DE L'OUILLETT;M;4646800.0;-79200.0;850
200600015776;6;3;28;1740;1;2;1;7;3;274;LE BREYRA;M;0.0;0.0;330
200600015783;6;3;14;1145;1;2;1;1;7;10;CD2;M;4507800.0;-72500.0;330
200600015815;6;3;8;1045;1;2;6;8;2;46;Rue Jules Ferry;M;4439800.0;-116400.0;400
200600015825;6;3;8;745;1;1;1;2;2;233;;M;4453500.0;13000.0;470
200600015836;6;3;23;1600;1;2;1;1;6;67;LE BOURG CD937;M;4325700.0;-29500.0;640
200600015863;6;3;1;1600;1;1;2;2;5;161;oisement des CD 52 et 44;M;0.0;0.0;860
200600015888;6;3;15;1745;1;1;1;1;1;224;;M;0.0;0.0;170
200600015938;6;3;25;1515;1;1;1;1;2;135;;M;4322600.0;111600.0;310
200600015946;6;3;24;1115;1;2;9;1;3;80;Boulevard Jesus Mojica;M;0.0;0.0;310
200600016000;6;3;31;1345;1;1;1;1;2;36;Traktir;M;4349800.0;244100.0;810
200600016046;6;3;4;1100;1;1;1;2;1;50;;M;4587000.0;465000.0;690
200600016063;6;3;21;1215;1;2;1;2;6;47;;M;0.0;0.0;10
200600016067;6;3;22;1800;2;2;7;1;2;265;PARKING CHAMPION;M;0.0;0.0;10
200600016104;6;3;14;730;1;2;1;1;1;325;place Gaston Oriol;M;4529600.0;481500.0;260
200600016109;6;3;22;1225;1;2;1;1;1;317;place du 08 mai 1945;M;0.0;0.0;380
200600016131;6;3;19;1415;1;2;1;1;1;189;CHEMIN DE LA CROZE;M;0.0;0.0;380
200600016132;6;3;16;1615;1;2;1;1;1;316;rue Grammont;M;0.0;0.0;380
200600016137;6;3;20;1520;1;1;1;1;7;66;La Chanal;M;0.0;0.0;420
200600016157;6;3;26;1615;1;1;1;1;1;1;;M;4554600.0;581700.0;730
200600016158;6;3;31;1645;1;1;1;1;3;191;;M;4560400.0;576500.0;730
200600016200;6;3;20;1715;1;1;1;1;2;89;;M;4588600.0;321900.0;630
200600016227;6;3;12;1900;5;2;7;8;6;12;place des perrots Semène;M;0.0;0.0;430
200600016265;6;3;2;900;1;2;1;4;2;465;ZI INOVA 3000;M;0.0;0.0;880
200600016289;6;3;11;845;1;2;1;1;1;220;2, rue principale;M;4874000.0;752000.0;670
200600016299;6;3;29;800;1;2;2;2;6;374;Halte de Wettolsheim (in;M;4807200.0;731100.0;680
200600016337;6;3;23;855;1;2;1;1;1;90;19 rue des écoles;M;0.0;0.0;80
200600016452;6;3;6;1350;1;2;1;4;1;93;61 ROUTE DE ST SAUVEUR;M;0.0;0.0;700
200600016471;6;3;27;1300;1;1;1;1;3;987;;M;4383000.0;489000.0;130
200600016479;6;3;20;945;1;1;1;1;3;85;;M;0.0;0.0;130
200600016554;6;3;26;930;1;1;1;1;1;130;Quartier Toulony;M;0.0;0.0;840
200600016588;6;3;17;1845;1;2;6;1;3;101;rond point de la Poste;M;0.0;0.0;340
200600016609;6;3;29;1815;1;2;6;1;1;133;GIRATOIRE CARREFOUR 2000;M;0.0;0.0;300
200600016631;6;3;1;1845;5;2;1;1;1;255;D124;M;0.0;0.0;300
200600016648;6;3;14;715;1;2;1;7;2;16;avenue Alain GERBAULT;M;0.0;0.0;660
200600016698;6;3;19;1030;1;2;1;1;5;538;route du Golf;M;0.0;0.0;910
200600016708;6;3;5;1930;5;1;1;1;1;142;;M;4886100.0;292300.0;770
200600016750;6;3;11;1130;1;2;1;1;2;15;rue de la république;M;0.0;0.0;180
200600017011;6;3;28;1020;1;2;2;1;5;288;CARTIER (AVENUE DES PORT;;;;350
200600017024;6;3;4;1020;1;2;1;1;6;3;71, VLADIMIR ILLITCH LEN;;;;940
200600017061;6;4;1;1715;1;2;1;1;1;94;CD 11;M;0.0;0.0;590
200600017067;6;4;27;1645;1;1;9;1;2;189;;M;5078500.0;259500.0;590
200600017075;6;4;4;1715;1;2;7;1;3;449;;M;0.0;0.0;590
200600017093;6;4;7;1515;1;2;1;1;3;767;Rue du Général de Gaulle;M;5038500.0;233700.0;620
200600017097;6;4;6;1400;1;1;1;1;6;513;;M;5028400.0;226600.0;620
200600017157;6;4;24;1800;1;2;1;1;1;282;rue du Acker;M;4950000.0;617000.0;570
200600017243;6;4;17;1415;1;1;1;1;1;20;;M;0.0;0.0;220
200600017268;6;4;7;1200;1;2;3;1;3;247;Le Ténénio;M;0.0;0.0;560
200600017279;6;4;14;1330;1;1;9;1;1;163;;M;4809500.0;-325900.0;560
200600017282;6;4;19;1500;1;1;6;1;4;81;;M;4805300.0;-363200.0;560
200600017289;6;4;27;1445;1;2;1;1;1;659;rue de Condé sur Ifs;M;0.0;0.0;140
200600017303;6;4;7;1615;1;1;1;1;3;629;;M;4901300.0;-87900.0;140
200600017326;6;4;6;1100;1;1;1;1;1;178;;M;4969600.0;-143900.0;500
200600017329;6;4;22;1110;1;1;1;1;1;243;rue de la Sienne / CD650;M;0.0;0.0;500
200600017357;6;4;19;1130;1;1;1;8;1;15;;M;4748000.0;-182300.0;440
200600017371;6;4;30;1700;1;2;6;1;1;74;rue Jean JAURES;M;4720600.0;-167400.0;440
200600017380;6;4;7;2100;5;2;1;1;2;158;rue de la chezine;M;0.0;0.0;440
200600017408;6;4;23;945;1;2;1;1;1;135;PK 0 intersection CD191;M;4757300.0;-58900.0;490
200600017411;6;4;25;1745;1;2;1;1;1;88;Rue d'Anjou;M;4797300.0;-111800.0;530
200600017436;6;4;9;945;1;1;1;1;5;223;sur le CD 8 - PK 1;M;4655000.0;-104000.0;850
200600017440;6;4;9;1800;1;1;1;1;1;113;;M;0.0;0.0;850
200600017483;6;4;11;1245;1;1;1;1;6;236;Rte des Granges;M;4519100.0;56200.0;240
200600017499;6;4;21;1945;1;2;1;1;1;392;Le Poujol;M;0.0;0.0;240
200600017508;6;4;15;1700;1;1;1;1;1;269;;M;4363200.0;-111000.0;400
200600017573;6;4;18;2015;2;1;1;1;1;255;RD 148;M;0.0;0.0;860
200600017586;6;4;19;1925;1;1;3;1;3;411;Les Granges;M;0.0;0.0;160
200600017588;6;4;3;1900;1;2;1;1;1;193;26 RUES DES PLUVIERS DOR;M;0.0;0.0;170
200600017605;6;4;12;1430;1;2;1;1;3;353;Rue des Doues;M;4598600.0;-104100.0;170
200600017626;6;4;21;1715;1;1;1;1;3;3;;M;4628600.0;-40600.0;790
200600017631;6;4;25;1430;1;1;1;7;5;230;;M;4628200.0;13300.0;790
200600017664;6;4;6;2000;1;1;1;1;2;516;e de villemur, PK 48+700;M;0.0;0.0;310
200600017748;6;4;23;1515;1;1;1;1;2;75;Camp de CASTELNAU;M;0.0;0.0;820
200600017755;6;4;21;815;1;2;7;1;1;194;Place Morel;M;0.0;0.0;690
200600017787;6;4;17;1815;1;2;1;1;3;904;88 Grande rue;M;0.0;0.0;10
200600017789;6;4;2;1615;1;1;1;1;1;456;;M;0.0;0.0;10
200600017795;6;4;25;1600;1;1;6;1;1;202;;M;0.0;0.0;10
200600017801;6;4;12;1800;1;1;1;1;2;436;;M;4635200.0;610300.0;10
200600017807;6;4;17;30;5;2;1;1;7;244;nue du Docteur Berthier;M;0.0;0.0;10
200600017812;6;4;6;1930;1;1;1;1;3;278;Lieu-dit Les Sagnes;M;0.0;0.0;70
200600017825;6;4;14;1615;1;2;1;1;3;206;rue du stade;M;4483400.0;497900.0;260
200600017843;6;4;7;1730;1;2;1;1;3;39;Centre du village;M;0.0;0.0;260
200600017862;6;4;28;1520;1;2;1;2;1;200;Croix de la vue;M;4510000.0;574000.0;380
200600017887;6;4;20;1715;1;1;1;1;1;134;;M;4543600.0;501100.0;380
200600017923;6;4;22;1215;1;1;1;1;3;297;;M;4564900.0;632600.0;730
200600017930;6;4;21;1700;1;1;1;1;1;157;;M;0.0;0.0;730
200600017943;6;4;23;1115;1;1;1;1;1;77;;M;0.0;0.0;740
200600017950;6;4;30;1000;1;1;1;1;1;296;;M;;;630
200600017961;6;4;8;1345;1;1;2;1;3;125;;M;4578800.0;353200.0;630
200600017975;6;4;20;1845;1;2;1;1;3;118;cours de la République;M;0.0;0.0;30
200600018023;6;4;11;615;2;2;1;1;1;115;route de frouard RN57;M;4875800.0;614100.0;540
200600018037;6;4;24;1800;1;2;1;1;1;533;RUE POINCARE;M;4860700.0;566600.0;550
200600018039;6;4;4;2125;5;2;1;1;3;47;centre de la commune;M;0.0;0.0;880
200600018041;6;4;25;1930;1;2;1;1;1;126;rue d'EPINAL;M;0.0;0.0;880
200600018095;6;4;15;1430;1;1;6;2;1;156;;M;0.0;0.0;680
200600018104;6;4;26;2130;3;1;1;1;5;286;;M;0.0;0.0;680
200600018118;6;4;14;1745;1;2;3;1;3;535;R. Briand et R. Abraham;M;4872500.0;372600.0;510
200600018138;6;4;3;1900;1;2;1;1;1;156;02, Louis Aubrat;M;0.0;0.0;100
200600018140;6;4;3;1755;1;2;1;1;3;401;GRANDE RUE;M;0.0;0.0;100
200600018149;6;4;12;1645;1;2;3;1;3;205;Rue des murots;M;4804500.0;521400.0;520
200600018153;6;4;20;2230;4;2;1;1;6;308;rue des Tennis;M;4814000.0;486700.0;520
200600018184;6;4;4;1530;1;2;1;1;1;221;HAMEAU DE PONCEY;M;0.0;0.0;710
200600018224;6;4;4;1700;1;2;1;1;3;628;ROUTE DE TARCENAY;M;4714900.0;609000.0;250
200600018237;6;4;4;1840;1;2;1;1;1;97;Rue Progin;M;4674000.0;590000.0;390
200600018242;6;4;17;1500;1;2;9;1;3;338;N° 23 de la rue de gevry;M;0.0;0.0;390
200600018247;6;4;20;1630;1;2;1;1;3;491;5 rue Claude Monet;M;4641100.0;579600.0;390
200600018255;6;4;13;1015;1;2;1;1;1;33;rue 1ère armée;M;4751300.0;700000.0;900
200600018275;6;4;13;1845;1;2;1;1;3;110;avenue rené CASSIN;M;0.0;0.0;130
200600018295;6;4;11;1630;1;2;1;1;1;149;RN 96;M;0.0;0.0;40
200600018301;6;4;17;1655;1;1;3;1;3;70;RN 75;M;0.0;0.0;50
200600018332;6;4;16;1235;1;2;1;1;3;72;clos st roch;M;0.0;0.0;830
200600018346;6;4;2;1500;1;1;6;1;3;99;d point des Salles RN 7.;M;0.0;0.0;830
200600018352;6;4;27;2000;1;2;1;1;5;42;Parking Mendes France;M;0.0;0.0;830
200600018399;6;4;6;1915;2;1;1;1;2;145;de la fourche ST JULIAN;M;0.0;0.0;340
200600018400;6;4;12;1115;1;2;1;1;3;145;Rue Olivier de serre;M;0.0;0.0;340
200600018426;6;4;5;1745;1;2;1;1;3;279;AVENUE DU MINERVOIS;M;4324700.0;232500.0;110
200600018443;6;4;6;1145;1;1;1;1;7;113;PK 14 +250;M;0.0;0.0;110
200600018486;6;4;7;1400;1;1;1;1;3;106;;M;0.0;0.0;660
200600018490;6;4;18;1115;1;2;1;1;2;16;RD.914;M;0.0;0.0;660
200600018513;6;4;17;1220;1;1;1;1;3;536;Route départementale 913;M;0.0;0.0;780
200600018542;6;4;24;1630;1;1;1;1;1;470;;M;4880500.0;273400.0;770
200600018574;6;4;6;815;1;2;1;1;3;9;garnde rue;M;0.0;0.0;450
200600018598;6;4;16;1925;1;2;1;1;7;11;route nationale - cd 940;M;0.0;0.0;180
200600018627;6;4;24;600;2;1;1;1;2;5;' clavières''  PK 40+800;M;0.0;0.0;360
200600018645;6;4;12;900;1;2;1;1;1;109;rue marie laurencin;M;4740800.0;59500.0;370
200600018648;6;4;26;1545;1;1;1;1;1;2;;M;4745100.0;47500.0;370
200600018690;6;4;30;1730;1;2;1;1;3;171;rue albert camus;M;4729700.0;513400.0;210
200600018692;6;4;24;1230;1;1;1;1;3;40;;M;0.0;0.0;130
200600018739;6;4;23;1800;1;1;1;1;3;116;route de Villemur;M;4372000.0;143300.0;310
200600018794;6;4;3;1645;1;2;1;1;1;172;avenue du Canigou;M;0.0;0.0;660
200600018839;6;4;14;1915;1;2;6;1;3;243;ROND POINT DE DONEGAL;M;4762600.0;-273300.0;560
200600018857;6;4;4;1530;1;2;1;1;1;193;RUE DE LA GAUTHIERE;M;0.0;0.0;380
200600018949;6;4;7;1730;1;2;1;1;3;23;11, BARBOT (AVENUE DU GE;;;;50
200600018961;6;4;8;945;1;2;2;1;1;4;GAROUPE BD DE LA;;;;60
200600018968;6;4;22;812;1;2;1;1;1;4;COURBET AV.AMIRAL;;;;60
200600018971;6;4;24;910;1;2;6;1;6;4;GUILLAUMONT BD CHARLES;;;;60
200600018972;6;4;26;1300;1;2;1;1;2;4;MAUPASSANT-JUAN AV.GUY D;;;;60
200600018992;6;4;27;1900;2;2;1;1;3;27;GRANDS PLANS CHEMIN DES;;;;60
200600019025;6;4;15;1020;1;2;1;1;3;29;17, CROISETTE (BOULEVARD;;;;60
200600019034;6;4;21;1805;1;2;1;1;3;29;VERGERS (ALLEE DES);;;;60
200600019039;6;4;26;930;1;2;1;1;3;29;00, MARCEAU (RUE);;;;60
200600019073;6;4;3;1610;1;2;3;1;3;88;2, MIRABEAU (AV.);;;;60
200600019109;6;4;11;1750;1;2;3;1;3;88;BARLA (RUE);;;;60
200600019144;6;4;19;1800;1;2;2;1;6;88;24, RIQUIER (BD DE);;;;60
200600019181;6;4;25;1800;1;2;1;1;3;88;54, RAY (AV. DU);;;;60
200600019206;6;4;7;1138;1;1;1;1;1;186;TAULEAC (CHEMIN DE);;;;70
200600019209;6;4;8;1120;1;2;2;1;3;409;CHANZY (BOULEVARD);;;;80
200600019215;6;4;20;1400;1;2;1;1;3;387;7C, GENERAL GASTON BILLO;;;;100
200600019216;6;4;26;1545;1;2;3;1;3;362;000, GENERAL LECLERC (RU;;;;100
200600019226;6;4;3;1750;1;1;1;1;1;145;CAUSSE NOIR (CHEMIN DU);;;;120
200600019238;6;4;21;1708;1;2;1;1;3;1;1, MIRABEAU (COURS);;;;130
200600019244;6;4;6;830;1;2;1;1;7;4;EDOUARD HERRIOT AVENUE;;;;130
200600019300;6;4;2;1040;1;2;1;1;6;2;ETIENNE CUCCA-CD908 (AVE;;;;130
200600019340;6;4;4;830;1;2;3;1;3;55;380, SAINT PIERRE (RUE);;;;130
200600019343;6;4;8;1135;1;2;1;1;2;55;ROMAIN ROLLAND (BOULEVAR;;;;130
200600019354;6;4;8;830;1;2;1;1;3;55;105, CAPELETTE (AVENUE D;;;;130
200600019423;6;4;22;145;5;2;6;1;3;55;PRADO (ROND-POINT);;;;130
200600019436;6;4;27;1935;1;2;1;1;6;55;ATHENES (BOULEVARD D');;;;130
200600019519;6;4;4;1710;1;2;1;1;3;117;xx, MARSEILLE ( AVENUE D;;;;130
200600019545;6;4;6;1735;1;2;1;1;3;366;35, PRE D'AUGE (RUE DU);;;;140
200600019565;6;4;14;1650;1;2;2;1;3;300;001, PEUPLIERS   RUE DES;;;;170
200600019567;6;4;15;1515;1;2;1;1;6;300;2, PARC   RUE DU;;;;170
200600019569;6;4;17;1100;1;2;1;1;3;300;CIMETIERE   AVENUE DU;;;;170
200600019574;6;4;21;1840;1;2;1;1;2;300;VERHAEREN   RUE EMILE;;;;170
200600019576;6;4;25;1050;1;2;1;1;3;300;90, COGNEHORS   BOULEVAR;;;;170
200600019619;6;4;21;1603;1;2;6;1;6;54;DETANG (RUE LOUIS);;;;210
200600019627;6;4;4;802;1;2;1;1;6;355;ARMAND THIBAUT (RUE);;;;210
200600019628;6;4;4;923;1;2;2;7;3;231;NICOLAS BERTHOT (RUE);;;;210
200600019649;6;4;12;1445;1;2;3;1;1;106;3, PIGEONNIERE (RUE DE L;;;;220
200600019655;6;4;18;1250;1;2;2;1;3;215;FROS (RUE DU);;;;220
200600019660;6;4;7;1400;1;1;1;1;2;96;NORD (Voie Paralelle);;;;230
200600019663;6;4;5;1108;1;2;2;1;2;37;109, ROUX (RUE DOCTEUR);;;;240
200600019679;6;4;7;1200;1;1;1;1;6;56;sans, MAZAGRAN CHEMIN DE;;;;250
200600019706;6;4;4;1250;1;2;3;1;6;281;NEANT, CHARMILLES (IMPAS;;;;260
200600019714;6;4;24;1155;1;2;3;1;6;281;PARMENTIER (RUE);;;;260
200600019722;6;4;18;1700;1;2;2;1;3;362;sans n, JUIN BOULEVARD M;;;;260
200600019723;6;4;22;1805;1;2;1;1;3;362;sans n, FAURE AVENUE MAU;;;;260
200600019732;6;4;28;1815;1;2;1;1;3;375;LECLERC (AVENUE DU ML);;;;270
200600019746;6;4;12;1200;1;2;1;1;2;85;sans, MARAIS (RUE DES);;;;280
200600019755;6;4;2;1740;1;2;3;1;1;134;72, SAINT THIBAULT (RUE);;;;280
200600019763;6;4;7;1230;1;2;6;1;3;19;., COAT TAN (ROND POINT;;;;290
200600019854;6;4;12;1820;1;2;2;1;3;69;1, BELISAIRE (CH DE);;;;310
200600019857;6;4;24;700;2;2;6;1;3;149;ARMURIE (CHEMIN DE L');;;;310
200600019859;6;4;1;345;5;2;1;1;6;555;109, RTE D ALBI;;;;310
200600019866;6;4;2;2000;1;2;1;1;3;555;1, BD DE SUISSE;;;;310
200600019875;6;4;4;954;1;2;1;1;4;555;99, RUE DU FAUBOURG BONN;;;;310
200600019882;6;4;5;1245;1;2;1;1;3;555;25, AV DE LYON;;;;310
200600019929;6;4;20;415;5;2;1;1;6;555;999, PORT SAINT SAUVEUR;;;;310
200600019945;6;4;24;1210;1;2;2;1;6;555;1, RUE DE METZ;;;;310
200600019948;6;4;25;1853;1;2;2;1;3;555;1, RUE GEORGES PICOT;;;;310
200600019960;6;4;28;2013;2;2;1;8;3;555;37, RUE VESTREPAIN;;;;310
200600019979;6;4;23;1945;1;2;6;1;3;13;11, JEANNE D'ALBRET;;;;320
200600019986;6;4;3;810;1;2;1;1;5;63;353, BD DU PRESIDENT WIL;;;;330
200600019988;6;4;3;1310;1;2;2;1;5;318;RUE DE LA PRINCESSE;;;;330
200600019991;6;4;5;1225;1;2;1;1;5;63;95, CRS ARISTIDE BRIAND;;;;330
200600020018;6;4;11;1410;1;2;1;1;3;63;31, RUE DE PESSAC;;;;330
200600020024;6;4;13;1615;1;2;2;1;3;63;RUE PELLEPORT;;;;330
200600020030;6;4;11;1905;1;2;1;7;3;167;CHEM DE BELLE CROIX;;;;330
200600020032;6;4;17;1125;1;2;2;1;3;63;RUE BERGERET;;;;330
200600020044;6;4;21;2120;5;2;1;1;6;63;36, CRS PORTAL;;;;330
200600020053;6;4;22;1850;1;2;1;1;2;318;AVE DU BOURGAILH;;;;330
200600020057;6;4;26;1230;1;2;1;1;3;63;58, CRS D'ALBRET;;;;330
200600020058;6;4;26;1935;1;2;6;1;3;63;QUAI DE PALUDATE;;;;330
200600020060;6;4;23;1120;1;2;2;1;3;281;CHEM DE LA PRINCESSE;;;;330
200600020126;6;4;10;1616;1;2;2;1;3;172;SUBSTANTION (RUE DE);;;;340
200600020136;6;4;15;1810;1;2;1;1;1;172;2081, LAVERUNE (ROUTE DE;;;;340