Num_Acc;an;mois;jour;hrmn;lum;agg;int;atm;col;com;adr;gps;lat;long;dep
200600020140;6;4;19;1445;1;2;1;1;3;172;sans, DELMAS (RUE);;;;340
200600020162;6;4;4;1605;1;2;1;1;6;238;00, VILLEBOIS MAREUIL (B;;;;350
200600020170;6;4;9;1420;2;2;2;1;3;238;00, RENAULT (RUE CHATEAU;;;;350
200600020172;6;4;13;755;1;2;6;2;3;238;00, VALLES (JULES);;;;350
200600020182;6;4;18;1330;1;2;2;1;3;238;00, LERAY (ADOLPHE);;;;350
200600020195;6;4;14;935;1;2;6;1;3;288;ANCIENS COMBATTANTS (RON;;;;350
200600020213;6;4;13;1520;1;2;2;1;7;261;GRAMMONT (AVENUE DE);;;;370
200600020224;6;4;7;1105;1;2;1;1;6;185;1, VIZILLE (AVENUE DE);;;;380
200600020228;6;4;9;1145;1;2;1;1;1;151;00, TREMBLAY (CHEMIN DU);;;;380
200600020230;6;4;11;800;1;2;2;2;3;185;00, VIALLET (AVENUE F.);;;;380
200600020233;6;4;17;1710;1;2;1;1;6;185;59, PERROT (AVENUE J.);;;;380
200600020234;6;4;20;845;1;2;1;1;1;185;06, FOCH (BOULEVARD MAL);;;;380
200600020237;6;4;21;810;1;2;1;1;3;421;00, CACHIN(AVENUE M.)N°I;;;;380
200600020240;6;4;25;1130;1;2;2;1;3;185;00, VERDUN (PLACE);;;;380
200600020245;6;4;28;750;1;2;1;1;4;185;00, ALBERT 1ER DE BELGIQ;;;;380
200600020262;6;4;1;1815;1;2;1;1;3;18;39/41, BEL AIR (RUE DE);;;;410
200600020288;6;4;7;1315;1;2;1;1;6;187;LYON (AVENUE DE);;;;420
200600020289;6;4;10;650;1;2;1;1;3;71;20, MOULIN (RUE JEAN);;;;420
200600020292;6;4;24;720;1;2;6;1;3;187;20, POLYGONE (AVENUE DU;;;;420
200600020297;6;4;10;1616;1;2;1;2;6;218;2, FAURIAT (BOULEVARD) J;;;;420
200600020320;6;4;5;1800;1;2;1;1;6;109;130, BOULEVARD DES BELGE;;;;440
200600020340;6;4;12;1740;1;2;1;1;6;109;110, BOULEVARD DE LA FRA;;;;440
200600020371;6;4;26;1800;1;2;2;1;3;162;0, ALLEE DE L'ASTRONOMIE;;;;440
200600020372;6;4;27;2155;5;2;1;1;6;109;71, RUE DU LANDREAU;;;;440
200600020383;6;4;8;1820;1;2;1;1;3;184;RN 471;;;;440
200600020389;6;4;16;1544;1;2;3;1;3;338;DEPORTES (RUE DES);;;;450
200600020401;6;4;10;2100;2;1;1;1;2;302;CHARTRES (ANCIENNE ROUTE;;;;450
200600020411;6;4;24;1315;1;2;1;1;3;234;109, FAUBOURG BANNIER (R;;;;450
200600020437;6;4;3;837;1;2;1;1;3;7;BICHON PLACE;;;;490
200600020440;6;4;7;1825;1;2;1;1;3;7;00, TARDAT;;;;490
200600020446;6;4;13;735;1;2;2;1;3;7;ECLATERIES BAS;;;;490
200600020452;6;4;18;1148;1;2;1;1;3;7;62, MELGRANI IMPASSE ET;;;;490
200600020454;6;4;18;1527;1;2;3;1;3;7;00, BERANGER;;;;490
200600020483;6;4;28;940;1;2;1;1;6;328;RENAULT (BOULEVARD LOUIS;;;;490
200600020500;6;4;14;1135;1;2;1;1;3;108;112, BOURGEOIS (RUE LEON;;;;510
200600020501;6;4;19;1705;1;2;3;1;3;506;1, DEPORTES (RUE DES);;;;510
200600020523;6;4;20;1535;1;1;1;1;2;121;R.D. 65;;;;520
200600020538;6;4;4;755;1;2;2;1;6;547;LECLERC (AVENUE DU GENER;;;;540
200600020539;6;4;5;1030;1;2;1;1;3;395;2, COMMANDERIE (RUE/PLAC;;;;540
200600020540;6;4;5;2005;5;2;1;1;6;547;26, LECLERC (AV. DU GENE;;;;540
200600020544;6;4;6;1810;1;2;1;1;1;395;2, KENNEDY (VIADUC);;;;540
200600020550;6;4;8;1615;1;2;2;1;1;495;1, ESSEY (RUE D');;;;540
200600020561;6;4;19;125;5;2;1;1;6;395;45, BROT (RUE MARCEL);;;;540
200600020565;6;4;21;1425;1;2;1;1;6;547;1, PERI (RUE GABRIEL);;;;540
200600020568;6;4;23;1525;1;2;1;1;2;395;1, FOURNIER (PLACE ALAIN;;;;540
200600020570;6;4;24;1345;1;2;3;1;6;395;1, CROIX DE BOURGOGNE (P;;;;540
200600020577;6;4;26;2010;1;2;2;1;6;304;1, MAREVILLE (CHEMIN ET;;;;540
200600020613;6;4;28;1425;1;2;6;1;6;660;., SAINT GUY(RUE);;;;570
200600020632;6;4;25;1730;1;2;1;1;6;463;GUYENNE (BOULEVARD DE );;;;570
200600020656;6;4;19;2125;5;2;1;1;6;17;23, BAYARD (RUE);;;;590
200600020663;6;4;5;1000;1;2;1;1;3;183;00000, RN1;;;;590
200600020684;6;4;5;1810;1;2;2;1;3;378;001, VERDUN AVENUE DE;;;;590
200600020690;6;4;10;1430;1;2;1;1;3;350;LIBERTE BVD N°2 A 90-51;;;;590
200600020701;6;4;22;1135;1;2;1;1;6;350;15, SEC AREMBAULT RUE DU;;;;590
200600020726;6;4;1;1550;1;2;2;1;6;650;BEAU CHENE (RUE DU);;;;590
200600020750;6;4;2;1000;1;2;2;1;3;152;61, GAMBETTA (RUE);;;;590
200600020768;6;4;7;1620;1;2;2;1;3;1;0, D'ECHAUFFOUR (RUE);;;;610
200600020781;6;4;12;740;1;2;3;1;2;108;IMPERATRICE;;;;620
200600020782;6;4;22;1750;1;2;2;1;3;108;HUIT MAI;;;;620
200600020796;6;4;24;1550;1;2;1;1;1;215;82, ALLENDE (R SALVADOR);;;;620
200600020803;6;4;5;1731;1;2;1;1;3;573;sans, BEUGNET (R CASIMIR;;;;620
200600020811;6;4;12;1755;1;1;9;1;6;510;., PARKING CARREFOUR;;;;620
200600020821;6;4;24;1200;1;2;1;1;3;40;ARDENNES (RUE DES.......;;;;620
200600020826;6;4;3;1400;1;2;1;1;7;14;1, BAS CEZEAUX (CHEMIN D;;;;630
200600020854;6;4;20;1745;1;2;1;1;1;113;1, VIVIANI (RUE);;;;630
200600020862;6;4;25;1845;1;2;1;1;1;113;1, LIMOUSIN (AVENUE DU);;;;630
200600020882;6;4;4;1745;1;2;1;1;5;102;., GRENET (AVENUE HENRI);;;;640
200600020922;6;4;14;805;1;2;1;1;3;445;90, LOUP DU;;;;640
200600020925;6;4;25;2110;5;2;6;1;6;445;CONDORCET;;;;640
200600020926;6;4;26;1305;1;2;1;1;3;445;UNIVERSITE DE L';;;;640
200600020934;6;4;23;1200;1;2;1;1;3;260;CD 912;;;;640
200600020955;6;4;3;1725;1;2;1;1;3;440;18,  DESTARAC (RUE ROBER;;;;650
200600020959;6;4;7;800;1;2;1;1;2;47;15, NOVEMBRE (RUE DU XI);;;;650
200600020965;6;4;16;1640;1;2;1;1;3;100;., PASTEUR (RUE);;;;650
200600020979;6;4;8;656;1;2;1;1;2;462;GENERAL DE GAULLE (AVENU;;;;670
200600020986;6;4;4;1427;1;2;1;1;3;482;00, PRESIDENT WILSON (BO;;;;670
200600020987;6;4;5;1850;2;2;3;1;3;482;00, SANDRE (RUE DE LA);;;;670
200600020993;6;4;8;1430;1;2;1;1;6;447;4, POMPIERS (RUE DES);;;;670
200600021008;6;4;19;1205;1;2;2;1;3;482;ALPES (QUAI DES);;;;670
200600021009;6;4;20;1745;1;2;1;1;6;482;00, KLEBER (QUAI);;;;670
200600021011;6;4;21;1200;1;2;1;1;3;482;000, RHIN (ROUTE DU);;;;670
200600021014;6;4;24;1815;1;2;1;1;6;482;3, GENERAL KOENIG (QUAI;;;;670
200600021026;6;4;3;1800;1;2;1;1;3;66;INGERSHEIM (ROUTE D');;;;680
200600021029;6;4;23;1625;1;2;1;1;2;66;13, LAUSANNE (RUE DE);;;;680
200600021067;6;4;18;1920;1;2;1;1;3;266;295, RTE DE GENAS;;;;690
200600021103;6;4;4;800;1;2;1;1;1;181;4, PIFFAULT PIERRE (AV);;;;720
200600021120;6;4;11;1755;1;2;3;1;3;181;ARNAGE (RUE D') N° PAIRS;;;;720
200600021127;6;4;20;1250;1;1;1;1;3;181;CIRCUIT (RUE DU);;;;720
200600021131;6;4;21;1400;1;2;1;1;6;181;71, MARIETTE (RUE DE LA);;;;720
200600021146;6;4;17;1345;1;2;1;1;3;65;0.001, BERTILLET (RUE DU;;;;730
200600021147;6;4;4;1515;1;2;2;1;3;10;., MAVERIA;;;;740
200600021152;6;4;21;1935;1;2;1;1;6;10;2, BROGNY (AVENUE DE) (S;;;;740
200600021159;6;4;3;1530;1;2;3;1;3;11;R LACHARRIERE BD VOLTAIR;;;;750
200600021184;6;4;10;1140;1;2;2;1;4;6;PL PAUL CLAUDEL R DE VAU;;;;750
200600021225;6;4;1;1215;1;2;1;1;1;12;40 R TAINE;;;;750
200600021234;6;4;3;1145;1;2;1;1;6;4;14 R DE TURENNE;;;;750
200600021251;6;4;4;1210;1;2;3;1;6;9;R HALEVY PL DE L OPERA;;;;750
200600021252;6;4;4;1005;1;2;2;1;3;12;AV DES MINIMES ESP SAINT;;;;750
200600021270;6;4;4;2025;5;2;1;1;6;10;152 AV PARMENTIER;;;;750
200600021272;6;4;5;1210;1;2;1;1;7;3;52 R FRANCS BOURGEOIS;;;;750
200600021276;6;4;5;1640;1;2;2;1;2;11;AV DE LA REPUBLIQUE BD R;;;;750
200600021278;6;4;5;830;1;2;2;1;3;13;Q D AUSTERLITZ PL VALHUB;;;;750
200600021285;6;4;5;1605;1;2;1;1;6;17;24 AV MAC MAHON;;;;750
200600021291;6;4;6;1515;1;2;3;1;6;11;BD RICHARD LENOIR  PAS S;;;;750
200600021299;6;4;6;908;1;2;2;1;3;18;PL DE LA CHAPELLE R DE J;;;;750
200600021311;6;4;7;1855;1;2;3;1;7;8;AV CHAMPS ELYSEES R MARB;;;;750
200600021331;6;4;8;855;1;2;2;1;6;15;R DE LA CONVENTION R DE;;;;750
200600021395;6;4;13;155;5;2;1;1;3;11;216 BD VOLTAIRE;;;;750
200600021398;6;4;13;1150;1;2;3;1;7;14;AV GENERAL LECLERC R SOP;;;;750
200600021422;6;4;11;1800;1;2;1;1;3;4;18 R RAMBUTEAU;;;;750
200600021431;6;4;13;1425;1;2;1;1;6;4;2 BD BEAUMARCHAIS;;;;750
200600021433;6;4;28;1535;1;2;3;1;3;6;BD SAINT MICHEL PL SAINT;;;;750
200600021460;6;4;16;1435;1;2;3;1;6;20;BD DAVOUT PL PORTE BAGNO;;;;750
200600021465;6;4;16;1843;1;2;3;1;6;11;PL DE LA REPUBLIQUE  BD;;;;750
200600021469;6;4;16;1957;5;2;2;8;3;5;R DES ECOLES R MONGE;;;;750
200600021474;6;4;17;1228;1;2;4;1;6;8;BD HAUSSMANN R DE ROME;;;;750
200600021489;6;4;18;810;1;2;1;1;7;16;2 RTE DES TRIBUNES;;;;750
200600021534;6;4;21;1620;1;2;1;1;3;8;144 AV CHAMPS ELYSEES;;;;750
200600021549;6;4;21;1750;1;2;1;1;3;19;16 AV LAUMIERE;;;;750
200600021554;6;4;21;1550;1;2;1;1;6;13;68 AV DES GOBELINS;;;;750
200600021569;6;4;23;1015;1;2;1;1;6;16;CHE CEINTURE LAC SUP;;;;750
200600021572;6;4;22;1920;1;2;2;1;3;17;PL STUART MERRILL AV DE;;;;750
200600021577;6;4;21;1045;1;2;2;1;3;8;R DE LISBONNE BD MALESHE;;;;750
200600021582;6;4;24;1000;1;2;1;1;3;4;38 R DE RIVOLI;;;;750
200600021588;6;4;24;1225;1;2;4;1;3;6;PL DU 18 JUIN 1940 R DE;;;;750
200600021590;6;4;25;1125;1;2;2;1;3;11;R J PIERRE TIMBAULD  BD;;;;750
200600021627;6;4;25;1150;1;2;2;1;6;15;R DE LA CONVENTION R O D;;;;750
200600021641;6;4;26;1130;1;2;4;1;3;17;AV DE CLICHY R GUY MOQUE;;;;750
200600021646;6;4;27;1330;1;2;1;1;3;1;Q DES TUILERIES;;;;750
200600021656;6;4;27;1015;1;2;2;1;3;7;AV DU MAL GALLIENI R SAI;;;;750
200600021664;6;4;27;1710;1;2;1;1;3;11;115 BD DE CHARONNE;;;;750
200600021783;6;4;11;140;4;2;1;1;7;484;1, CHAPELLE. PONT DE LA;;;;760
200600021807;6;4;8;1750;1;2;2;1;3;131;BLUM LEON (AVENUE);;;;770
200600021863;6;4;7;855;1;2;1;1;3;490;1, PASTEUR (RUE);;;;780
200600021880;6;4;27;830;1;1;6;1;3;674;CD 98;;;;780
200600021887;6;4;2;1720;1;2;1;1;3;440;LEON FOURCIL (RUE);;;;780
200600021901;6;4;25;1755;1;2;4;1;1;498;LEMELLE BD LOUIS;;;;780
200600021905;6;4;3;1925;1;1;1;1;6;123;HALLAGE CHEMIN DU;;;;780
200600021915;6;4;15;1420;1;2;2;3;3;586;CONVENTION N° IMPAIR;;;;780
200600021936;6;4;7;800;1;2;1;1;3;146;41, REPUBLIQUE (BOULEVAR;;;;780
200600021941;6;4;21;1734;1;2;1;1;3;329;38, VICTOR HUGO (AVENUE);;;;790
200600021951;6;4;6;1025;1;2;1;1;6;21;33, BEAUVAIS (RUE DE);;;;800
200600021972;6;4;30;150;5;2;1;1;7;21;0, NOYON (RUE DE);;;;800
200600021994;6;4;13;1140;1;2;1;1;6;21;01, VAL D'AUSSILLON;;;;810
200600022036;6;4;4;1450;1;2;2;1;3;137;BARRE (CHEMIN DE LA);;;;830
200600022040;6;4;10;1850;1;2;1;1;1;137;109, FENELON (BD DR FRAN;;;;830
200600022050;6;4;20;845;1;2;1;1;6;62;ROOSEVELT (AVENUE FRANKL;;;;830
200600022055;6;4;19;1740;1;2;1;1;3;90;MONNET (AVE JEAN);;;;830
200600022083;6;4;25;1120;1;2;1;1;2;7;80, SOURCES (Avenue des);;;;840
200600022102;6;4;22;840;1;2;3;1;3;191;0, LAVOISIER BOULEVARD;;;;850
200600022104;6;4;26;1135;1;2;2;1;3;194;DAVID (RUE LEON);;;;850
200600022143;6;4;12;1337;1;2;1;1;3;85;79, BAC (RUE THEODORE);;;;870
200600022173;6;4;25;1320;1;2;2;1;2;24;00, JEAN JAURES (AVENUE);;;;890
200600022186;6;4;28;1500;1;2;1;1;6;32;1, BAUME (RUE DE LA);;;;900
200600022211;6;4;8;1230;1;2;1;1;3;521;., AUNETTE (AVENUE DE L';;;;910
200600022245;6;4;18;1250;1;1;1;1;3;64;, FAVREUSE (ROUTE DE);;;;910
200600022250;6;4;11;600;2;2;1;1;2;216;CD 257;;;;910
200600022274;6;4;27;1305;1;1;1;1;6;4;8, MAURICE BOKANOWSKI;;;;920
200600022325;6;4;7;850;1;2;1;1;6;25;53 bis, HOCHE (RUE);;;;920
200600022387;6;4;26;1340;1;1;2;1;3;62;0, HASSOUX (VOIE GEORGES;;;;920
200600022403;6;4;27;1745;1;2;1;1;6;64;17, PASTEUR;;;;920
200600022407;6;4;14;2000;1;2;1;1;3;72;78bis, GRANDE RUE;;;;920
200600022416;6;4;21;1355;1;2;3;1;3;73;2, LOUCHEUR (BOULEVARD L;;;;920
200600022456;6;4;8;1420;1;2;1;1;3;8;223, JAURES (AVENUE JEAN;;;;930
200600022471;6;4;29;1120;1;2;1;1;6;57;MONTYON (AL.) 1 A 74;;;;930
200600022474;6;4;1;1950;1;2;1;1;6;29;71, ROGER SALENGRO N° 01;;;;930
200600022501;6;4;7;840;1;2;1;1;3;46;148, EMILE GERARD AVENUE;;;;930
200600022504;6;4;17;1025;1;1;3;1;3;74;NR, MONTAUBAN RUE DE;;;;930
200600022505;6;4;18;900;1;2;2;1;3;74;NR, DE GAULLE AVENUE DU;;;;930
200600022552;6;4;4;1408;1;2;1;1;6;66;"109, ""LIBERATION RD14, N";;;;930
200600022555;6;4;6;1930;1;2;1;1;3;66;GENERAL JOINVILLE;;;;930
200600022559;6;4;3;1740;1;2;3;1;5;39;PONT DE SAINT OUEN;;;;930
200600022563;6;4;25;1110;1;2;1;1;6;66;DELAFONTAINE DOCTEUR;;;;930
200600022565;6;4;26;800;1;2;1;8;2;66;1, SAULNIER JULES;;;;930
200600022601;6;4;6;1120;1;2;3;1;3;17;STALINGRAD (BD DE);;;;940
200600022604;6;4;13;1115;1;2;1;1;1;17;42, VERDUN (R DE);;;;940
200600022608;6;4;8;1725;1;2;1;1;6;18;9, BERCY (QU DE);;;;940
200600022609;6;4;20;1335;1;2;1;1;3;18;32, CARRIERES (QU DES);;;;940
200600022636;6;4;18;1715;1;2;1;1;3;28;CHOISY(ROUTE DE);M;4877320.0;243516.0;940
200600022661;6;4;6;1900;1;2;1;1;6;65;BOULEVARD CIRCULAIRE ( M;;;;940
200600022665;6;4;11;1040;1;1;1;1;6;73;RENE PANHARD (AV);;;;940
200600022678;6;4;14;1120;1;2;1;1;3;46;GENERAL LECLERC - CAR DE;;;;940
200600022697;6;4;12;1415;1;2;1;1;6;78;25, CROSNES (R DE);;;;940
200600022714;6;4;16;2215;5;2;1;1;3;80;44, STRASBOURG (R DE);;;;940
200600022724;6;4;3;1115;1;2;1;1;3;18;7, RENOIR (ALLEE AUGUSTE;;;;950
200600022729;6;4;6;2350;5;2;1;1;7;18;124, ALLEMANE (BOULEVARD;;;;950
200600022759;6;4;6;2105;5;2;1;1;1;127;26, HERONS (AVENUE DES);;;;950
200600022794;6;4;14;1140;1;2;1;1;3;51;JULES CESAR (CHAUSSEE);;;;950
200600022795;6;4;19;1940;5;2;1;1;2;563;00, CHAUVRY (RUE DE);;;;950
200600022805;6;4;20;739;1;2;4;1;3;4;SANS, COLONNA D'ORNANO C;;;;201
200600022813;6;4;16;2130;5;2;1;1;1;381;31, TERME;;;;690
200600023047;6;4;7;1200;1;2;2;1;3;386;PROFESSEUR WEILL (DU);;;;690
200600023055;6;4;20;1900;1;2;2;1;3;386;LAFAYETTE;;;;690
200600023061;6;4;25;1400;1;2;1;1;3;383;42, DAUPHINE (DU);;;;690
200600023098;6;4;8;1815;1;2;1;1;6;387;291, JEAN JAURES;;;;690
200600023103;6;4;25;950;1;2;2;1;3;387;ST MICHEL;;;;690
200600023106;6;4;19;745;1;2;2;1;3;388;00, ST GERVAIS;;;;690
200600023212;6;4;27;1142;1;2;3;1;3;55;0, ANNE-DE-BRETAGNE ( AV;;;;440
200600023214;6;1;13;800;2;2;1;1;6;109;PONT ANNE DE BRETAGNE;;;;440
200600023226;6;3;22;1900;2;2;1;1;6;109;25, RUE DE LA MARNE;;;;440
200600023251;6;4;21;840;1;2;1;1;6;260;11, COTY(RUE DU PRESIDEN;;;;560
200600023253;6;3;9;1155;1;2;2;1;6;328;Sans objet, VERLINGHEM R;;;;590
200600023266;6;4;24;1100;1;2;2;1;3;12;PASTEUR (AVENUE);;;;740
200600023285;6;4;26;1920;1;2;3;1;6;81;21, HENRI BARBUSSE (AV);;;;940
200600023317;6;5;18;815;1;2;3;1;5;320;Rue du Calvaire;M;0.0;0.0;590
200600023345;6;5;13;1415;1;2;1;1;1;284;RUE DU FAUBOURG;M;0.0;0.0;620
200600023372;6;5;6;1330;1;2;1;2;1;700;CD.02;M;0.0;0.0;800
200600023470;6;5;11;1830;1;2;3;1;3;147;Rue des Ecoles;M;0.0;0.0;760
200600023477;6;5;19;1800;1;2;1;1;1;755;centre bourg;M;0.0;0.0;760
200600023510;6;5;30;1815;1;1;1;1;3;223;la vieille ville;M;4799100.0;-212500.0;350
200600023529;6;5;11;1445;1;1;6;1;1;121;ZA du PONLO;M;0.0;0.0;220
200600023536;6;5;9;1330;1;2;6;1;3;136;boulevard victor etienne;M;4817600.0;-274900.0;220
200600023543;6;5;7;1140;1;2;1;1;3;259;Rue de Cassepot RN176;M;0.0;0.0;220
200600023550;6;5;7;1445;1;1;1;1;2;254;;M;0.0;0.0;220
200600023556;6;5;20;1345;1;1;6;1;1;37;;M;4788900.0;-416800.0;290
200600023560;6;5;20;830;1;1;1;1;2;24;;M;0.0;0.0;290
200600023575;6;5;9;1830;1;2;2;1;3;118;Rue F LE LEVE;M;0.0;0.0;560
200600023584;6;5;7;1130;1;1;6;1;2;407;;M;4925500.0;-38300.0;140
200600023596;6;5;2;1300;1;1;2;1;3;512;;M;0.0;0.0;500
200600023606;6;5;25;1130;1;1;1;1;1;646;;M;0.0;0.0;500
200600023617;6;5;9;1520;1;2;1;1;3;293;Rue Faubourg ST ELOI;M;0.0;0.0;610
200600023631;6;5;9;1915;1;1;1;1;3;67;;M;0.0;0.0;440
200600023648;6;5;20;2315;3;1;1;1;2;308;;M;4739300.0;-51100.0;490
200600023676;6;5;2;1800;1;2;1;1;3;213;16 rue Emile Zola;M;4791600.0;25600.0;720
200600023688;6;5;17;1900;1;2;1;1;2;61;place de l'église;M;0.0;0.0;850
200600023698;6;5;3;1830;1;2;1;1;3;181;128 route de Nalliers;M;4650700.0;-95600.0;850
200600023702;6;5;23;1030;1;2;1;1;3;222;BD DE L EGALITE;M;4670000.0;-193800.0;850
200600023765;6;5;20;1700;1;2;1;1;1;192;Quartier Maridor;M;4391000.0;-47000.0;400
200600023781;6;5;17;1600;1;2;1;1;1;46;avenue Henri Guillaumet;M;0.0;0.0;400
200600023793;6;5;5;1045;1;1;1;1;1;57;;M;4465100.0;61000.0;470
200600023804;6;5;19;1630;1;1;3;1;3;14;;M;0.0;0.0;640
200600023834;6;5;18;900;1;2;1;1;1;360;Place d' Antioche;M;0.0;0.0;170
200600023855;6;5;4;1810;1;2;1;1;3;189;rue des sources;M;4641600.0;-17000.0;790
200600023974;6;5;1;1045;1;1;1;1;1;88;;M;4383200.0;225800.0;810
200600023983;6;5;23;1215;1;1;1;1;1;70;;M;0.0;0.0;810
200600024010;6;5;6;1410;1;1;1;1;1;270;CD 151;M;0.0;0.0;690
200600024033;6;5;27;1000;1;2;1;1;3;305;42 rue Maréchal de lattr;M;4643500.0;493900.0;10
200600024035;6;5;4;1415;1;1;1;1;3;26;Rue de la Martinnette;M;0.0;0.0;10
200600024073;6;5;10;1930;1;1;1;8;2;301;;M;4510800.0;466700.0;70
200600024075;6;5;26;1745;1;1;6;1;6;108;;M;4473600.0;501500.0;260
200600024082;6;5;27;1530;1;1;3;1;3;85;CD 237;M;4452400.0;471300.0;260
200600024085;6;5;3;1720;1;1;3;1;3;324;9 - Chemin de la Décelle;M;0.0;0.0;260
200600024099;6;5;6;1130;1;1;1;1;1;418;;M;0.0;0.0;380
200600024151;6;5;5;945;1;1;1;1;2;182;;M;4604900.0;392900.0;420
200600024167;6;5;6;1000;1;1;2;8;1;104;Route de Lathuile;M;0.0;0.0;740
200600024168;6;5;2;1845;1;2;1;1;1;310;Route de Champs Fleury;M;0.0;0.0;740
200600024176;6;5;30;815;1;2;1;8;3;82;route de genève;M;0.0;0.0;740
200600024256;6;5;30;930;1;2;1;1;1;645;52 rue de Verdun;M;0.0;0.0;570
200600024261;6;5;24;1330;1;1;1;1;1;193;;M;0.0;0.0;570
200600024277;6;5;4;1415;1;2;1;1;1;586;;M;4859000.0;603400.0;540
200600024292;6;5;26;1800;1;2;3;1;5;80;Intersection RD 11 et ro;M;0.0;0.0;540
200600024319;6;5;26;1930;5;2;1;2;1;218;34 ROUTE DE FRAMBEMENIL;M;4814800.0;679100.0;880
200600024320;6;5;15;1845;1;1;1;1;1;196;;M;0.0;0.0;880
200600024326;6;5;4;1710;1;2;1;1;1;313;rue docteur SCHWEITZER;M;4854100.0;745400.0;670
200600024329;6;5;2;1730;1;1;3;1;3;528;;M;4886600.0;718100.0;670
200600024385;6;5;4;1745;1;1;1;1;1;557;;M;4880100.0;457700.0;510
200600024403;6;5;2;1915;1;2;1;1;3;33;Rue BEUGNOT;M;0.0;0.0;100
200600024412;6;5;22;1100;1;2;9;8;5;269;Avenue Turenne;M;0.0;0.0;520
200600024491;6;5;4;830;1;2;1;1;3;191;GRANDE RUE;M;0.0;0.0;250
200600024492;6;5;13;1730;1;2;1;1;1;48;RUE DE PRESENTVILLERS;M;0.0;0.0;250
200600024506;6;5;24;1545;1;1;1;1;3;396;;M;4714400.0;565500.0;390
200600024525;6;5;31;1145;1;2;1;1;3;106;Av du 08 mai 1945;M;4341000.0;537200.0;130
200600024550;6;5;6;1215;1;1;1;1;3;198;;M;0.0;0.0;40
200600024553;6;5;18;1600;1;1;9;1;2;161;;M;0.0;0.0;40
200600024562;6;5;6;1800;1;2;1;1;1;70;Montée de l'hopital CHS;M;4432400.0;581800.0;50
200600024568;6;5;26;1625;1;1;1;1;3;11;CD 11 / CD 942;M;0.0;0.0;50
200600024579;6;5;19;1145;1;1;9;1;1;138;;M;0.0;0.0;60
200600024597;6;5;22;1915;1;1;1;1;1;7;Chemin des RAYOLS;M;0.0;0.0;830
200600024606;6;5;17;955;1;1;2;1;5;140;Carrefour CD64 / CD1;M;0.0;0.0;830
200600024609;6;5;17;1630;1;1;1;1;1;120;la cartiere;M;0.0;0.0;830
200600024618;6;5;10;1100;1;1;1;1;7;68;PLAN DE SUVIERE;M;0.0;0.0;830
200600024628;6;5;20;925;1;1;1;1;3;127;2/chemin dit des Vooutes;M;0.0;0.0;830
200600024637;6;5;19;1430;1;2;1;1;2;130;Avenue de l'arlésienne;M;0.0;0.0;830
200600024660;6;5;22;1500;1;1;1;1;1;22;51 Quartier la Teyssière;M;0.0;0.0;840
200600024686;6;5;11;1945;1;1;1;1;6;197;;M;4357300.0;340300.0;340
200600024697;6;5;24;1900;1;1;2;1;1;143;158 route de VILLEVEYRAC;M;0.0;0.0;340
200600024700;6;5;6;1645;1;2;4;8;3;396;LA CLAUSE;M;4331000.0;255000.0;110
200600024707;6;5;15;1800;1;1;1;1;1;353;;M;0.0;0.0;110
200600024711;6;5;23;800;1;1;1;1;2;156;;M;4383500.0;445300.0;300
200600024749;6;5;3;1630;1;2;6;1;1;171;ROND POINT CYPRIANO;M;4264400.0;303500.0;660
200600024788;6;5;1;1;5;1;1;1;7;550;;M;4883300.0;190200.0;780
200600024810;6;5;15;700;1;1;1;1;5;370;;M;0.0;0.0;950
200600024829;6;5;23;1700;1;1;1;6;5;393;;M;4872100.0;284900.0;770
200600024925;6;5;11;1830;1;1;1;1;7;33;;M;0.0;0.0;410
200600024930;6;5;4;1645;1;2;1;1;1;164;rue Paul Boncour;M;0.0;0.0;410
200600024945;6;5;13;2100;1;1;1;1;1;234;;M;0.0;0.0;290
200600024955;6;5;4;1730;1;2;1;1;1;41;rue du Bambois;M;4942300.0;594700.0;570
200600024965;6;5;7;1015;1;1;1;2;7;252;;M;0.0;0.0;690
200600024966;6;5;31;1545;1;2;1;2;7;193;route du grisard;M;0.0;0.0;690
200600025035;6;5;31;1230;1;2;2;1;1;485;L INDUSTRIE RUE PASTEUR;M;0.0;0.0;380
200600025083;6;5;28;1245;1;2;1;1;3;33;RUE DU FAVRET;M;0.0;0.0;690
200600025087;6;5;28;1145;1;2;1;1;1;11;gnes et rue des mouettes;M;4590900.0;613100.0;740
200600025095;6;5;6;915;1;1;1;1;2;240;;M;4753700.0;-275500.0;560
200600025115;6;5;24;830;1;2;1;8;1;343;CD 63 Rue de Wolfisheim;M;0.0;0.0;670
200600025202;6;5;17;1645;1;2;2;1;3;340;BARBUSSE (RUE HENRI);;;;20
200600025203;6;5;16;1500;1;2;3;1;3;691;22, RICHELIEU (BD);;;;20
200600025214;6;5;11;1759;1;2;1;1;7;321;12, BAIGNEUSE (RUE DE LA;;;;30