Num_Acc;an;mois;jour;hrmn;lum;agg;int;atm;col;com;adr;gps;lat;long;dep
200600034003;6;6;27;1715;1;2;2;1;3;208;ROUX-FEDRY (RUE);;;;450
200600034019;6;6;14;810;1;2;9;1;3;234;275, FAUBOURG SAINT VINC;;;;450
200600034028;6;6;22;735;1;2;1;1;6;234;14, REPUBLIQUE (RUE DE L;;;;450
200600034031;6;6;28;1050;1;2;9;1;2;284;25, ROSTAND (BOULEVARD J;;;;450
200600034032;6;6;29;820;1;2;1;1;2;234;23, HAUT SENTIER (CHEMIN;;;;450
200600034036;6;6;6;756;1;2;3;1;1;1;LIBERTE (BOULEVARD DE LA;;;;470
200600034038;6;6;11;1500;1;2;3;1;3;1;JAURES (AV. JEAN);;;;470
200600034040;6;6;17;1011;1;2;1;1;3;1;MONTESQUIEU (RUE);;;;470
200600034048;6;6;3;1610;1;2;1;1;7;7;00, ROUCHY;;;;490
200600034050;6;6;2;1909;1;2;1;1;7;7;00, POIREL BOULEVARD;;;;490
200600034053;6;6;3;1507;1;2;2;1;7;7;00, CLEMENCEAU BOULEVARD;;;;490
200600034062;6;6;15;908;1;2;1;1;3;7;49, BAUDRIERE;;;;490
200600034075;6;6;23;1532;1;2;1;1;3;7;0, VAUCANSSON;;;;490
200600034089;6;6;30;840;1;2;6;1;3;328;sans, DAVID D'ANGERS (AV;;;;490
200600034092;6;6;8;1915;1;2;1;1;2;602;13, GAULLE (RUE DU GENER;;;;500
200600034094;6;6;11;1245;1;1;1;1;3;129;00, CALIGNY (QUAI DE);;;;500
200600034099;6;6;17;1405;1;2;1;1;2;416;0, LECLERC (RUE DU GENER;;;;500
200600034115;6;6;21;1155;1;2;1;1;3;108;15, URSULINES (PL DES);;;;510
200600034125;6;6;10;840;1;2;1;1;6;454;04, REIMBEAU (RUE);;;;510
200600034131;6;6;14;2030;1;2;2;2;3;454;LAON (AVENUE) DU N) 1 A;;;;510
200600034134;6;6;19;1045;1;2;1;1;3;454;VESLE (RUE);;;;510
200600034148;6;6;3;1150;1;2;2;1;3;448;25, TROIS FONTAINES (ROU;;;;520
200600034150;6;6;8;1140;1;2;3;7;3;448;107, REPUBLIQUE (AVE DE;;;;520
200600034153;6;6;15;1810;1;2;1;7;6;448;6, LAMARTINE (RUE);;;;520
200600034154;6;6;22;1405;1;1;8;1;6;534;HALLIGNICOURT (ROUTE DE);;;;520
200600034166;6;6;26;1226;1;2;1;1;3;329;17, RUE RIVOLET;;;;540
200600034170;6;6;2;1545;1;2;1;1;6;395;24, BOUFFLERS (AVENUE) D;;;;540
200600034183;6;6;11;1400;1;2;2;1;3;395;REPUBLIQUE (RUE DE LA);;;;540
200600034198;6;6;19;1130;1;2;1;1;6;395;SAINT GEORGES (RUE);;;;540
200600034201;6;6;24;1515;1;2;2;1;3;395;PROUVE (RUE VICTOR);;;;540
200600034212;6;6;29;1820;1;2;1;1;3;357;15, BLETTE (RUE DE LA);;;;540
200600034247;6;6;16;1755;1;2;2;1;3;121;00, COURBET (RUE  AMIRAL;;;;560
200600034250;6;6;19;1330;1;2;1;1;7;121;116, BELGIQUE (RUE  DE );;;;560
200600034251;6;6;19;1535;1;2;1;1;3;121;00, MARIENNE ( AV CAPITA;;;;560
200600034286;6;6;1;1855;1;2;3;1;6;480;00, PONT A MOUSSON (RUE;;;;570
200600034299;6;6;27;915;1;2;1;2;6;412;00, SAINT SYMPHORIEN (BO;;;;570
200600034316;6;6;23;1755;1;2;1;1;7;194;40, RAIE;;;;580
200600034317;6;6;26;1915;1;2;1;1;7;194;DOCKS (IMPASSE);;;;580
200600034318;6;6;5;1900;2;2;1;1;3;194;, CHAILLOUX;;;;580
200600034330;6;6;12;715;1;2;6;1;3;143;BIRCHINGTON (PLACE);;;;590
200600034337;6;6;28;1930;1;2;3;7;3;616;765, TABARY (RUE EMILE );;;;590
200600034338;6;6;13;615;1;2;2;1;3;504;0, JAURES (R. JEAN);;;;590
200600034347;6;6;16;830;1;2;1;1;6;183;8, ROYER;;;;590
200600034358;6;6;18;1723;1;2;2;1;3;261;BOIS LEVANT (RESIDENCE D;;;;590
200600034366;6;6;3;1545;1;2;1;1;6;648;204, DE GAULLE RUE DU GE;;;;590
200600034385;6;6;13;1630;1;2;2;1;6;350;71, ARC RUE JEANNE D;;;;590
200600034386;6;6;13;1755;1;2;2;1;3;350;HUGO VICTOR RUE;;;;590
200600034388;6;6;14;1130;1;2;1;3;3;350;JOUHAUX LEON PONT;;;;590
200600034400;6;6;20;800;1;2;2;1;6;378;2, DELCENSERIE JULES RUE;;;;590
200600034405;6;6;21;1610;1;2;2;1;3;328;DE LATTRE DE TASSIGNY AV;;;;590
200600034407;6;6;22;1920;1;2;1;1;6;328;79, DOUMER PAUL AV. DU P;;;;590
200600034409;6;6;20;855;1;2;6;1;6;636;00, MARQUETTE RUE DE;;;;590
200600034419;6;6;30;1625;1;2;1;1;6;368;121, DE GAULLE RUE DU GE;;;;590
200600034422;6;6;16;2010;1;2;3;1;3;365;PASTEUR (RUE);;;;590
200600034424;6;6;2;1210;1;2;1;1;6;512;MOTTE (AVENUE ALFRED);;;;590
200600034425;6;6;5;940;1;2;1;1;6;163;KLEBER (RUE);;;;590
200600034427;6;6;1;830;1;2;3;1;3;299;NERUDA (RUE PABLO);;;;590
200600034432;6;6;11;2200;1;2;3;1;3;512;LALANDE (RUE);;;;590
200600034437;6;6;11;13;5;2;1;1;6;646;FLANDRE (AVENUE DE);;;;590
200600034440;6;6;18;1900;1;2;1;1;3;650;GUESDE (RUE JULES);;;;590
200600034455;6;6;26;1655;1;2;9;1;3;512;FRASEZ (AVENUE);;;;590
200600034456;6;6;30;320;5;2;1;1;6;512;EPEULE  (RUE DE L');;;;590
200600034463;6;6;22;1350;1;1;1;1;2;526;0.000, DREVE DE SUCHEMON;;;;590
200600034464;6;6;19;1535;1;2;1;1;3;574;65, LOUISE MICHEL(BOULEV;;;;590
200600034466;6;6;3;1219;1;2;2;1;3;352;NORD (ROUTE DE LA PLAINE;;;;590
200600034468;6;6;6;2040;1;2;3;1;3;352;QUESNOY (RUE);;;;590
200600034477;6;6;11;900;1;1;2;1;3;152;HALOT (CHEMIN DU);;;;590
200600034485;6;6;30;1845;1;2;1;1;6;599;48, VERDUN (RUE DE);;;;590
200600034491;6;6;11;1245;1;2;3;1;6;491;SALENGRO (RUE ROGER);;;;590
200600034499;6;6;20;955;1;2;3;1;3;606;AUVERGNE (RUE D');;;;590
200600034502;6;6;23;1705;1;2;1;1;3;14;FRANCE (AVENUE ANATOLE);;;;590
200600034505;6;6;26;1640;1;2;2;1;3;32;MATISSE (AVENUE HENRI);;;;590
200600034508;6;6;20;2020;1;2;2;1;3;57;70, JEAN MERMOZ (AVENUE);;;;600
200600034517;6;6;21;1730;1;2;1;1;6;601;BLUM (RUE LEON);;;;600
200600034518;6;6;1;1925;1;1;1;1;2;1;4, CHATEAUBRIAND (RUE);;;;610
200600034520;6;6;8;1720;1;1;1;1;6;1;149, REPUBLIQUE (BOULEVA;;;;610
200600034539;6;6;10;1710;1;2;2;1;3;108;1, HUIT MAI;;;;620
200600034554;6;6;2;1905;1;2;1;1;3;33;sans, BOURBOULE (R DE LA;;;;620
200600034561;6;6;7;1810;1;2;1;1;3;427;0, AMPERE (R);;;;620
200600034579;6;6;29;1455;1;2;1;1;6;386;., PLAINE (BD DE LA);;;;620
200600034603;6;6;13;820;1;2;1;1;3;113;1, SAINT JEAN (BD);;;;630
200600034605;6;6;15;1725;1;2;1;1;6;113;25, UNION SOVIETIQUE (AV;;;;630
200600034615;6;6;21;1815;1;2;1;1;3;113;1, CHATEAU DES VERGNES (;;;;630
200600034620;6;6;23;830;1;2;1;1;6;113;21, REPUBLIQUE (AVENUE D;;;;630
200600034643;6;6;6;935;1;2;6;1;1;24;BARRE (ROND POINT DE LA);;;;640
200600034666;6;6;28;1730;1;2;1;1;3;122;"117, ""KENNEDY (AVENUE DU";;;;640
200600034671;6;6;12;1755;1;2;1;1;1;445;5, GASTON LACOSTE;;;;640
200600034688;6;6;1;1840;1;2;3;1;3;260;58, RN 111;;;;640
200600034689;6;6;13;1200;1;2;1;1;3;483;RN10;;;;640
200600034697;6;6;6;830;1;2;1;1;3;440;10, ARDENNES (BOULEVARD;;;;650
200600034705;6;6;20;1200;1;2;1;1;6;440;53, LARREY (RUE);;;;650
200600034718;6;6;28;1825;1;2;1;1;6;136;41, VAUBAN (QUAI SEBASTI;;;;660
200600034720;6;6;8;1005;1;2;1;1;3;462;HAUT-KOENIGSBOURG (RUE D;;;;670
200600034722;6;6;1;720;1;2;3;8;3;482;RHIN (ROUTE DU);;;;670
200600034729;6;6;4;916;1;2;1;1;6;482;00, KOENIGSHOFFEN (RUE D;;;;670
200600034731;6;6;5;1735;1;2;3;1;3;482;00, SCHIRMECK (ROUTE DE);;;;670
200600034735;6;6;7;910;1;2;5;1;3;482;THUMENAU (RUE DE LA);;;;670
200600034739;6;6;8;1648;1;2;1;1;3;43;06, RONSARD (RUE);;;;670
200600034741;6;6;9;1345;1;2;1;1;6;482;ALTORF (RUE D );;;;670
200600034747;6;6;12;1310;1;2;2;1;3;447;GENERAL DE GAULLE (ROUTE;;;;670
200600034749;6;6;12;1415;1;2;1;1;6;482;2, FONDERIE (RUE DE LA);;;;670
200600034750;6;6;12;2015;1;2;2;1;3;482;0, OBERHAUSBERGEN (ROUTE;;;;670
200600034753;6;6;13;950;1;2;3;1;3;482;PORT DU RHIN (RUE DU);;;;670
200600034754;6;6;13;1530;1;2;1;1;3;482;00, JACQUES PREISS (BOUL;;;;670
200600034761;6;6;16;1710;1;1;1;1;6;447;00, PIERRE MENDES FRANCE;;;;670
200600034772;6;6;22;1640;1;2;3;1;6;267;CHAPELLE (RUE DE LA);;;;670
200600034780;6;6;26;1715;1;2;2;1;3;447;00, WASSELONNE (RUE DE);;;;670
200600034783;6;6;28;1400;1;2;2;1;3;482;115, JEAN JAURES (AVENUE;;;;670
200600034784;6;6;28;1715;1;2;1;1;3;482;33, FEDERATION (ROUTE DE;;;;670
200600034785;6;6;28;1945;2;2;2;1;1;447;00, GLACIERE (RUE DE LA);;;;670
200600034787;6;6;30;830;1;2;3;1;3;482;00, SAALES (RUE DE);;;;670
200600034788;6;6;30;808;1;2;3;1;6;482;00, CONSEIL DES QUINZE (;;;;670
200600034792;6;6;9;1400;1;2;2;1;3;66;GRILLENBREIT (RUE DU);;;;680
200600034793;6;6;26;1440;1;2;1;1;2;66;1, LATTRE DE TASSIGNY (P;;;;680
200600034816;6;6;27;955;1;2;6;1;3;224;15, PORTE DU MIROIR;;;;680
200600034833;6;6;30;1054;1;2;1;1;6;142;100, STEPHANE DECHANT;;;;690
200600034849;6;6;26;855;1;2;1;1;6;264;76, HERON  PHILIPPE   R;;;;690
200600034854;6;6;28;1400;1;2;1;1;3;264;GODART JUSTIN  R;;;;690
200600034870;6;6;3;1620;1;2;2;1;3;550;KOPP (RUE DU LIEUTENANT);;;;700
200600034909;6;6;13;1705;1;2;1;1;1;181;ANATOLE FRANCE (BD );;;;720
200600034914;6;6;17;2100;5;2;1;1;6;181;ITALIENS (BD DES);;;;720
200600034917;6;6;19;1405;1;2;2;1;3;181;DEGRE (RUE DE) N° IMP DE;;;;720
200600034926;6;6;24;146;5;2;1;1;3;181;DURAND GEORGES (AV) N° I;;;;720
200600034959;6;6;6;1835;1;2;3;1;3;12;VERDUN (AVENUE DE);;;;740
200600034970;6;6;13;735;1;2;3;1;2;281;0, PRES VERTS (AVENUE DE;;;;740
200600034983;6;6;6;830;1;2;1;1;3;7;19 R DE CONSTANTINE;;;;750
200600034984;6;6;6;1850;1;2;3;1;3;12;R EDOUARD LARTET BD DE L;;;;750
200600034994;6;6;9;1125;1;2;2;1;3;20;R BELGRAND R PELLEPORT;;;;750
200600034998;6;6;10;1140;1;2;1;1;3;11;102 R DE CHARONNE;;;;750
200600035019;6;6;1;1030;1;2;1;1;2;16;76 AV PAUL DOUMER;;;;750
200600035031;6;6;2;1210;1;2;2;1;3;18;R DUC R HERMEL;;;;750
200600035037;6;6;3;1409;1;2;3;1;6;1;R DE RIVOLI R DU 29 JUIL;;;;750
200600035038;6;6;2;1058;1;2;2;1;6;13;AV DES GOBELINS R VERONE;;;;750
200600035039;6;6;3;100;5;2;3;1;3;7;PT ROYAL Q VOLTAIRE;;;;750
200600035047;6;6;3;1602;1;2;1;1;6;15;28 R LECOURBE;;;;750
200600035053;6;6;3;220;5;2;2;1;3;11;R AMELOT R PASTEUR WAGNE;;;;750
200600035057;6;6;2;1755;1;2;1;1;3;1;108 R DE RIVOLI;;;;750
200600035067;6;6;20;1045;1;2;2;1;3;10;R FG SAINT MARTIN BD DE;;;;750
200600035068;6;6;1;1235;1;2;1;1;3;18;18 BD DE LA CHAPELLE;;;;750
200600035074;6;6;3;1810;1;2;1;1;7;12;RTE DE LA FALUERE;;;;750
200600035083;6;6;5;1820;1;2;1;1;3;11;130 R DE CHARONNE;;;;750
200600035084;6;6;5;1810;1;2;1;1;3;12;108 AV GEN MICHEL BIZOT;;;;750
200600035119;6;6;7;1500;1;2;2;1;3;4;PT AU CHANGE Q DE GESVRE;;;;750
200600035124;6;6;7;1140;1;2;3;1;3;9;R CHORON R DES MARTYRS;;;;750
200600035127;6;6;7;1915;1;2;3;1;3;12;ESP SAINT LOUIS RTE DE L;;;;750
200600035133;6;6;7;1915;1;2;2;1;6;16;PL PIERRE BRISSON AV MAR;;;;750
200600035143;6;6;8;2110;1;2;4;1;3;11;R RICHARD LENOIR BD VOLT;;;;750
200600035144;6;6;8;920;1;2;2;1;7;11;R SAINT SABIN R SEDAINE;;;;750
200600035174;6;6;9;2020;1;2;3;1;6;11;R FONTAINE AU ROI AV PAR;;;;750
200600035177;6;6;9;1530;1;2;4;1;3;12;AV DE NOGENT AV DU TREMB;;;;750
200600035195;6;6;10;2320;5;2;1;1;3;15;60 AV LA MOTTE PICQUET;;;;750
200600035201;6;6;10;1100;1;2;4;1;3;18;R EUGENE CARRIERE PL NAT;;;;750
200600035202;6;6;11;1430;1;2;1;1;3;16;L1147 ALL  FORTIFICATION;;;;750
200600035204;6;6;11;1715;1;2;2;1;3;16;AV GRANDE ARMEE R DE PRE;;;;750
200600035213;6;6;11;1510;1;2;3;1;3;13;AV DE CHOISY R TOUSSAINT;;;;750
200600035230;6;6;13;730;1;2;1;1;6;17;132 AV DE SAINT OUEN;;;;750
200600035235;6;6;12;840;1;2;2;1;3;8;R CHAUVEAU LAGARDE R PAS;;;;750
200600035240;6;6;13;2135;1;2;3;1;6;11;R DE CHARONNE R FG SAINT;;;;750
200600035242;6;6;12;1735;1;2;3;1;3;8;BD MALESHERBES RUE DE MI;;;;750
200600035249;6;6;13;840;1;2;1;1;3;1;40 R DU LOUVRE;;;;750
200600035255;6;6;12;845;1;2;1;1;7;5;47 Q DE LA TOURNELLE;;;;750
200600035259;6;6;24;1400;1;2;1;1;3;5;R G SAINT HILAIRE;;;;750
200600035262;6;6;13;1200;1;2;3;1;3;10;ALL DU CANAL QU DE VALMY;;;;750
200600035263;6;6;13;853;1;2;2;1;6;11;BD RICHARD LENOIR R SEDA;;;;750
200600035265;6;6;13;1400;1;2;3;1;3;19;R D AUBERVILLIERS R LABO;;;;750
200600035284;6;6;14;1350;1;2;3;1;3;13;BD DE L HOPITAL SQ MARIE;;;;750
200600035290;6;6;15;850;1;2;1;1;6;6;11 Q DE CONTI;;;;750
200600035327;6;6;16;1235;1;2;4;1;2;12;CAR DE PYRAMIDE RTE ROYA;;;;750
200600035352;6;6;4;1700;1;2;1;1;7;20;112 BD DAVOUT;;;;750
200600035356;6;6;9;1925;1;2;1;1;6;18;32 R TRISTAN TZARA;;;;750
200600035389;6;6;16;1305;1;2;1;1;3;7;5 Q ANATOLE FRANCE;;;;750
200600035399;6;6;18;950;1;2;1;1;3;19;46 AV DE FLANDRE;;;;750
200600035406;6;6;18;1300;1;2;1;1;6;13;18 R DE TOLBIAC;;;;750
200600035409;6;6;18;1230;1;2;1;1;7;8;L7323 CRS ALBERT 1ER;;;;750
200600035413;6;6;19;1720;1;2;1;1;3;7;10 R DE BABYLONE;;;;750
200600035418;6;6;19;1635;1;2;1;1;3;15;68 R BRANCION;;;;750
200600035425;6;6;20;810;1;2;1;1;3;18;12 BD DE LA CHAPELLE;;;;750
200600035439;6;6;21;1505;1;2;1;1;7;15;PRT DE JAVEL;;;;750
200600035446;6;6;22;1835;1;2;3;1;2;16;PT D IENA AV DE NEW YORK;;;;750
200600035452;6;6;26;2004;1;2;1;1;3;3;74 R DES ARCHIVES;;;;750
200600035454;6;6;26;1800;1;2;3;1;2;7;R DE BOURGOGNE R DE VARE;;;;750
200600035456;6;6;25;1300;1;2;3;2;6;5;R DES BERNARDINS R DES E;;;;750
200600035473;6;6;19;1855;1;2;1;1;3;4;4 R DE LOBAU;;;;750
200600035474;6;6;20;1005;1;2;1;1;1;5;12 Q SAINT BERNARD;;;;750
200600035501;6;6;24;1200;1;2;2;1;6;15;R LECOURBE BD VICTOR;;;;750
200600035509;6;6;26;1800;1;2;1;1;7;19;44 AV DE FLANDRE;;;;750
200600035512;6;6;27;1815;1;2;3;1;3;16;RTE BOULOGNE A PASSY BUT;;;;750
200600035521;6;6;21;1425;1;2;2;1;3;5;R DES ECOLES R MONGE;;;;750
200600035522;6;6;21;835;1;2;1;1;3;5;28 R G SAINT HILAIRE;;;;750
200600035571;6;6;27;1445;1;2;4;1;3;3;R DE SAINTONGE BD DU TEM;;;;750
200600035601;6;6;26;1720;1;2;2;1;3;1;R DE RICHELIEU PL ANDRE;;;;750
200600035627;6;6;29;2030;1;2;1;1;7;1;8 Q DES TUILERIES;;;;750
200600035642;6;6;29;2030;1;2;4;1;6;11;R BOULLE R FROMENT;;;;750
200600035644;6;6;29;2015;1;2;1;1;3;13;134 R DU CHEVALERET;;;;750
200600035645;6;6;29;852;1;2;1;1;6;17;30 R DES MOINES;;;;750
200600035648;6;6;30;1850;1;2;1;1;7;5;34 BD SAINT MICHEL;;;;750
200600035665;6;6;30;1225;1;2;3;1;3;4;R DE LOBAU PL SAINT GERV;;;;750
200600035671;6;6;30;1510;1;2;2;1;3;17;R GALVANI R VERNIER;;;;750
200600035691;6;6;24;1835;1;2;1;1;7;18;176 R ORDENER;;;;750
200600035695;6;6;12;1715;1;2;4;1;2;3;R FILLES CALVAIRE R DE T;;;;750
200600035707;6;6;30;1458;1;2;4;1;2;10;R BOUCHARDON R RENE BOUL;;;;750
200600035734;6;6;1;1155;1;2;1;1;3;5;32 R DES ECOLES;;;;750
200600035787;6;6;22;1157;1;2;1;1;3;540;1, LECANUET. RUE JEAN;;;;760
200600035805;6;6;15;1130;1;2;1;1;6;108;03, MEUNIER (RUE AUGUSTE;;;;770
200600035806;6;6;15;1640;1;2;1;1;6;479;01, DEVIATION POIDS LOUR;;;;770
200600035809;6;6;20;610;1;2;1;1;6;307;10, RABOUTS ( RUE DES );;;;770
200600035810;6;6;25;910;1;1;1;3;3;18;406 ( R D );;;;770
200600035826;6;6;22;2050;2;2;1;1;3;464;06, CH€TEAU (ALLEE DU);;;;770
200600035837;6;6;18;1016;1;2;1;1;6;330;10, GAMBETTA (RUE);;;;770
200600035862;6;6;12;2020;1;2;1;1;2;146;BEAUBOURG (BOULEVARD DE);;;;770
200600035874;6;6;11;1230;1;2;1;1;6;5;83, CONFLANS (AVENUE DE);;;;780
200600035886;6;6;20;1305;1;2;1;1;3;208;Indét, MALRAUX (BOULEVAR;;;;780
200600035893;6;6;5;1235;1;1;1;1;6;688;ignoré, PORT ROYAL (RUE;;;;780
200600035897;6;6;29;1345;1;2;1;1;3;297;TOULOUSE LAUTREC (RUE HE;;;;780
200600035916;6;6;17;1110;1;2;1;1;6;299;ETANGS PRES (AVENUE DES);;;;780
200600035919;6;6;9;1250;1;2;1;1;1;165;PROU (AVENUE HENRI);;;;780
200600035922;6;6;22;1725;1;2;9;1;2;490;, GARE (RUE DE LA);;;;780
200600035923;6;6;26;2030;1;2;1;1;3;490;2, SAINT JUST (ALLEE);;;;780
200600035924;6;6;26;1545;1;2;1;1;1;490;433, TATI (RUE JACQUES);;;;780
200600035930;6;6;17;1225;1;1;4;1;3;498;MIGNEAUX RUE DE;;;;780
200600035931;6;6;2;1310;1;2;2;1;6;642;MALRAUX BD ANDRE;;;;780
200600035949;6;6;12;830;1;1;3;1;1;517;00000, DEMANGE (RUE PAUL;;;;780
200600035960;6;6;17;1150;1;2;2;1;6;586;TOBROUK;;;;780
200600035967;6;6;15;630;2;2;3;2;6;621;VERLAINE (RUE PAUL);;;;780
200600035975;6;6;24;1057;1;2;1;1;6;686;GENERAL LECLERC (AVENUE;;;;780
200600035981;6;6;8;2005;1;2;1;1;3;343;14, LA COCANNE (RUE);;;;780
200600035985;6;6;19;1635;1;2;1;1;3;646;7, M. DE LATTRE DE TASSI;;;;780
200600036000;6;6;28;940;1;2;1;1;6;1;3, GRANDES ECOLES (des);;;;800
200600036010;6;6;7;1645;1;2;9;1;6;21;0, SAINT PIERRE (ETANG);;;;800
200600036017;6;6;12;830;1;2;1;1;2;21;52, DOCTEUR LENOEL (RUE;;;;800
200600036034;6;6;24;1555;1;2;1;1;2;21;QUATORZE JUILLET 1789 (A;;;;800
200600036035;6;6;24;2305;5;2;1;1;6;725;59, PASTEUR (RUE);;;;800
200600036045;6;6;2;1330;1;2;1;1;6;65;49, REY (RUE DU);;;;810
200600036063;6;6;2;2215;5;1;1;1;3;121;1553, ARDUS (AVENUE D');;;;820
200600036069;6;6;24;1015;1;2;3;1;1;121;0, DUNANT (AVENUE HENRY);;;;820
200600036081;6;6;28;1820;1;2;1;1;1;118;0, BOULEVARD RAYMOND POI;;;;830
200600036085;6;6;29;900;1;1;1;1;3;69;MARAIS (ROUTE DES);;;;830
200600036100;6;6;14;1230;1;2;1;1;3;126;MAR VIVO (ROND POINT);;;;830
200600036135;6;6;23;1645;1;2;1;1;1;137;2027, GASQUET (AVE JOSEP;;;;830
200600036143;6;6;15;1625;1;2;1;1;3;7;CARRETERIE (Rue);;;;840
200600036144;6;6;15;1805;1;2;1;1;6;7;AMANDIER (Avenue de l');;;;840
200600036150;6;6;25;2045;2;2;1;1;6;7;ISLON (Chemin de l');;;;840
200600036154;6;6;6;807;1;1;1;1;3;35;000, MITAN-VC9+RD31 (CHE;;;;840
200600036166;6;6;3;1000;1;2;3;1;3;191;ARCOLE RUE D';;;;850
200600036174;6;6;15;1210;1;2;2;1;3;194;29, HAUTE (RUE);;;;850
200600036176;6;6;16;1935;1;2;1;1;6;194;LAENNEC (RUE DU DOCTEUR;;;;850
200600036222;6;6;12;2316;5;2;1;1;3;85;12, BROUSSEAUD (RUE);;;;870
200600036277;6;6;25;1220;1;2;1;3;5;514;COMBS LA VILLE (RUE DE);;;;910
200600036300;6;6;21;1515;1;2;1;1;3;182;., LETIEN (RUE JOSEPH);;;;910
200600036306;6;6;24;1515;1;2;1;1;3;687;9, JEAN MERMOZ (AVENUE);;;;910
200600036315;6;6;17;2100;1;1;1;1;1;377;VALLEE DE LA BIEVRE (VOI;;;;910
200600036316;6;6;2;845;1;2;3;1;3;421;5, REPUBLIQUE (AVENUE DE;;;;910
200600036320;6;6;11;1445;1;2;1;1;3;691;14, MARCEAU BAILLIOTI(RU;;;;910
200600036330;6;6;29;755;1;2;1;1;3;191;11, REMONTERU (RUE);;;;910
200600036356;6;6;12;1550;1;2;7;1;6;4;VOLTAIRE  ( PLACE );;;;920
200600036378;6;6;29;750;1;2;1;1;3;12;65, TILLEULS (RUE DES) 1;;;;920
200600036379;6;6;2;1915;1;2;9;1;3;32;MARCHAND ROBERT (RUE);;;;920
200600036380;6;6;4;1500;1;2;1;1;6;71;88, HOUDAN (RUE);;;;920
200600036381;6;6;5;1845;1;2;1;1;2;19;26, MALON BENOIT (RUE);;;;920
200600036382;6;6;6;915;1;2;3;1;3;71;CHENEAUX (RUE DES);;;;920
200600036383;6;6;9;750;2;2;1;1;3;32;MOULIN JEAN (AVENUE);;;;920
200600036395;6;6;18;1200;1;2;6;1;6;23;GARDE (PLACE DU) S101;;;;920
200600036403;6;6;6;825;1;2;1;1;3;24;CLICHY (PONT DE);;;;920
200600036406;6;6;19;820;1;2;6;1;3;24;0000000000, REPUBLIQUE (;;;;920
200600036463;6;6;19;850;1;2;2;1;3;48;., GENERAL DE GAULLE (AV;;;;920
200600036473;6;6;20;2050;1;2;1;1;3;49;33, BARBES RUE;;;;920
200600036479;6;6;4;1655;1;2;2;1;3;50;FRACHON BENOIT AVENUE;;;;920
200600036526;6;6;9;1210;1;2;1;1;2;73;2, SELLIER (BOULEVARD HE;;;;920
200600036533;6;6;1;1545;1;2;6;2;2;75;8, JEAN BLEUZEN;;;;920
200600036535;6;6;7;1525;1;2;2;1;3;46;PAUL BERT (RUE);;;;920
200600036538;6;6;26;1405;1;2;1;1;6;46;9, AVAULEE (RUE);;;;920
200600036602;6;6;19;920;1;2;1;1;6;29;48, HENRI BARBUSSE (AVE);;;;930
200600036604;6;6;6;1645;1;2;2;1;3;29;68, EUGENE VARLIN;;;;930
200600036613;6;6;26;1752;1;2;1;1;2;29;ANATOLE FRANCE;;;;930
200600036648;6;6;29;2240;5;2;3;1;3;63;KERAUTRET AVENUE PIERRE;;;;930
200600036650;6;6;10;1525;1;2;1;7;3;46;26, GUTEMBERG BOULEVARD;;;;930
200600036654;6;6;15;800;1;2;3;2;3;46;NR, VOLTAIRE AVENUE;;;;930
200600036658;6;6;21;1710;1;2;1;1;3;74;28, SEVRAN RUE DE;;;;930
200600036659;6;6;23;1800;1;2;2;1;1;46;ARISTIDE BRIAND AVENUE;;;;930
200600036675;6;6;20;1730;1;2;1;1;3;48;280, ROSNY (RUE DE);;;;930
200600036683;6;6;18;1100;1;2;3;1;3;50;17, MARECHAL FOCH (AVENU;;;;930
200600036686;6;6;28;1050;1;2;1;1;3;50;100, ONZE NOVEMBRE (RUE);;;;930
200600036703;6;6;29;1645;1;2;1;1;2;53;34, ROSNY (AVENUE DE) N°;;;;930
200600036715;6;6;2;1650;1;2;2;1;3;14;EMILE COSSONNEAU (ALLEE);;;;930
200600036729;6;6;30;2015;1;2;3;1;1;77;00, ORANGERIE (RUE DE L';;;;930
200600036735;6;6;7;1645;1;2;1;7;3;66;WILSON (AVENUE DU PRESID;;;;930
200600036741;6;6;14;40;5;2;3;1;1;66;OWENS JESSE;;;;930
200600036759;6;6;27;1740;1;2;1;1;3;70;45, DEBAIN(RUE);;;;930
200600036763;6;6;22;1700;1;2;1;8;3;71;0, JOHN F. KENNEDY (AVEN;;;;930
200600036766;6;6;10;1750;1;2;1;1;6;59;ELYSEE RECLUS (AVENUE) N;;;;930
200600036776;6;6;15;1820;1;2;1;7;7;78;KENNEDY (BOULEVARD DU PR;;;;930
200600036785;6;6;16;1730;1;2;3;1;3;2;25, ETIENNE DOLET (R);;;;940
200600036792;6;6;10;1205;1;2;1;1;3;71;0, CHARLES DE GAULLE (R);;;;940
200600036809;6;6;13;2030;1;2;3;1;3;17;GENERAL DE GAULLE (AV DU;;;;940
200600036834;6;6;1;1715;1;2;1;1;6;11;RANCY(QUAI DU);;;;940
200600036842;6;6;13;1710;1;2;1;1;6;28;CHOISY(ROUTE DE);;;;940
200600036861;6;6;28;1745;1;2;1;1;6;11;0, PAUL VAILLANT COUTURI;;;;940
200600036862;6;6;29;1730;1;2;2;1;3;28;LECLERC.(RUE DU GENERAL);;;;940