Num_Acc;an;mois;jour;hrmn;lum;agg;int;atm;col;com;adr;gps;lat;long;dep
200600036867;6;6;29;535;2;2;2;1;3;33;25 AOUT 1944 (BD DU);;;;940
200600036870;6;6;2;1415;1;2;1;1;6;16;44, EUGENE BELGRAND (ALL;;;;940
200600036881;6;6;16;1700;1;2;1;2;3;16;28, DIVISION LECLERC (AV;;;;940
200600036940;6;6;9;1914;1;2;1;1;3;68;ARISTIDE BRIAND (R);;;;940
200600036943;6;6;14;1045;1;2;1;1;3;68;1, MURIERS (BD DES);;;;940
200600036966;6;6;6;1910;1;2;2;1;3;80;AUBERT (AV);;;;940
200600036998;6;6;18;1740;1;2;1;1;3;18;BERIONNE (RUE DE LA);;;;950
200600037020;6;6;7;1305;1;2;6;1;3;219;JEAN JAURES (RUE);;;;950
200600037038;6;6;4;1540;1;2;1;1;6;306;66, GAILLON (QUAI DE);;;;950
200600037079;6;6;22;1;5;2;1;1;6;381;3, JEAN MOULIN;;;;690
200600037254;6;6;12;1050;1;1;1;1;2;377;RN20;;;;910
200600037373;6;6;1;125;5;2;1;1;3;383;GEORGES POMPIDOU;;;;690
200600037382;6;6;13;2235;5;2;2;1;3;383;DOCTEUR LONG (DU);;;;690
200600037386;6;6;10;925;1;2;1;1;6;383;45, DOCTEUR LONG (DU);;;;690
200600037391;6;6;19;920;1;2;1;1;6;386;83, BELGES (DES);;;;690
200600037403;6;6;28;1620;1;2;1;1;3;386;50, VENDOME;;;;690
200600037424;6;6;13;1410;1;2;1;1;6;385;32, TRION (DE);;;;690
200600037457;6;6;11;1030;1;2;1;7;6;388;02, HENRI BARBUSSE;;;;690
200600037518;6;6;9;1000;1;2;7;1;3;389;PAUL SEDAILLIAN;;;;690
200600037575;6;7;5;1240;1;2;6;1;3;53;SANS N°, MERCIER (AVENUE;;;;10
200600037578;6;7;19;2240;5;2;1;1;3;53;BERNARD ( RUE);;;;10
200600037580;6;7;31;1755;1;2;6;1;3;53;snr, HUIT MAI 1945 ( BD;;;;10
200600037595;6;7;8;1350;1;2;2;1;1;185;BEAUMARCHAIS ( IMPASSE );;;;30
200600037607;6;7;8;1510;1;2;3;1;2;310;24, DOUMER (AVENUE DU PR;;;;30
200600037644;6;7;3;2030;1;2;1;1;3;123;339, CAMUS ALBERT RUE;;;;60
200600037675;6;7;10;1430;1;2;1;1;3;29;80, CARNOT (BOULEVARD);;;;60
200600037691;6;7;23;857;1;2;1;1;3;29;MIDI (BOULEVARD DU);;;;60
200600037697;6;7;26;1050;1;2;1;1;3;29;ANCIENS COMBATTANTS D'AF;;;;60
200600037699;6;7;27;1745;1;2;1;1;3;29;35, REPUBLIQUE (BOULEVAR;;;;60
200600037714;6;7;9;855;1;2;1;1;3;69;1, CRESP (COURS HONORE);;;;60
200600037740;6;7;2;1240;1;2;1;1;3;159;0, CONDAMINE (AVENUE DE;;;;60
200600037744;6;7;3;1110;1;2;1;1;2;88;21, FORESTA (R. DE);;;;60
200600037749;6;7;3;1700;1;2;1;1;6;88;47, ANGLAIS (DU N° 45 AU;;;;60
200600037819;6;7;23;835;1;2;2;1;5;88;0, ARSON (RUE);;;;60
200600037847;6;7;3;930;1;2;6;1;6;281;GROSS-UMSTADT (AVENUE DE;;;;70
200600037848;6;7;14;920;1;1;1;1;4;70;137 bis, COLONNEL ROUSSE;;;;70
200600037865;6;7;17;800;1;2;6;1;3;387;000, JULES GUESDE (RUE);;;;100
200600037896;6;7;25;810;1;1;3;1;3;4;R.D.83 ROUTE D'EYGUIERES;;;;130
200600037937;6;7;6;1455;1;2;1;1;6;55;0, PRADO (AVENUE);;;;130
200600037945;6;7;5;740;1;2;6;1;3;55;TOULON (AVENUE DE);;;;130
200600037957;6;7;8;2000;1;2;1;1;3;2;200, 7EME TIRAILLEURS AL;;;;130
200600038036;6;7;26;625;2;2;1;1;6;55;17, SAINT BARNABE (AVENU;;;;130
200600038044;6;7;25;1415;1;2;1;1;6;55;SAINT LOUP (BOULEVARD DE;;;;130
200600038094;6;7;28;845;1;2;1;1;3;55;HAMBOURG (BOULEVARD);;;;130
200600038131;6;7;5;1610;1;2;3;1;1;55;25, SABLIER (BOULEVARD D;;;;130
200600038199;6;7;15;920;1;2;1;1;6;333;85, MANUEL (COURS ALBERT;;;;140
200600038202;6;7;5;2040;1;2;1;1;3;366;0, NICOLAS VAUQUELIN ( S;;;;140
200600038215;6;7;10;1130;1;1;1;1;2;291;D 263;;;;170
200600038220;6;7;16;1235;1;2;1;1;3;300;22, LECLERC   AVENUE DU;;;;170
200600038225;6;7;20;1120;1;2;3;1;3;291;LOGIS   RUE DU;;;;170
200600038229;6;7;24;1835;1;2;1;1;6;300;01, MOULIN   AVENUE JEAN;;;;170
200600038257;6;7;14;1815;1;1;1;1;2;279;0, NEUVY (ROUTE DE);;;;180
200600038267;6;7;20;1825;1;2;9;1;2;31;POMPIDOU (AVENUE GEORGES;;;;190
200600038268;6;7;21;940;1;2;1;1;6;31;CRETES (CHEMIN DES);;;;190
200600038269;6;7;27;1425;1;2;3;1;3;31;DHALLUIN (RUE LIEUTENANT;;;;190
200600038278;6;7;31;950;1;2;1;1;6;54;77, BLANCHES FLEURS (RUE;;;;210
200600038280;6;7;1;809;1;2;7;1;2;231;11, ROGER SALENGRO (PLAC;;;;210
200600038288;6;7;7;1531;1;2;3;8;3;355;DIJON (DE) (ROUTE);;;;210
200600038302;6;7;20;1426;1;2;1;1;2;231;74, CHEVREUL (RUE);;;;210
200600038371;6;7;21;2010;1;2;3;1;6;56;25, STRASBOURG QUAI DE;;;;250
200600038374;6;7;27;935;1;2;1;1;6;56;9, PROUDHON RUE J-B V.;;;;250
200600038379;6;7;25;1040;1;2;4;1;2;580;62, NOVIE (RUE DE LA);;;;250
200600038385;6;7;20;1145;1;2;3;1;6;281;NEANT, CHATEAU BRUNET (R;;;;260
200600038423;6;7;9;445;2;2;1;1;6;134;124, SAINT THIBAULT (RUE;;;;280
200600038444;6;7;13;930;1;2;1;1;6;232;4, CHAPEAU ROUGE RUE DU;;;;290
200600038453;6;7;28;1140;1;2;1;1;3;7;10, DUMAS (AVE JEAN-BAPT;;;;300
200600038484;6;7;22;1845;1;2;1;2;3;189;TIRE CUL (CHEMIN);;;;300
200600038486;6;7;21;1555;1;2;1;1;3;189;DEBUSSY CLAUDE (PLACE);;;;300
200600038497;6;7;31;1143;1;2;1;1;6;189;29, POMPIDOU GEORGES (AV;;;;300
200600038507;6;7;27;1615;1;2;6;1;2;149;GARE (PLACE DE LA);;;;310
200600038509;6;7;3;2105;1;2;3;1;6;483;, COMET PAUL (RUE);;;;310
200600038517;6;7;2;1935;1;2;1;1;6;555;999, RUE BUFFON;;;;310
200600038523;6;7;4;1330;1;2;3;1;3;555;999, AV JEAN BAYLET;;;;310
200600038534;6;7;6;820;1;2;1;1;2;555;999, CHE DU VALLON;;;;310
200600038546;6;7;12;900;1;2;3;1;3;555;999, RUE DU GEN JEAN COM;;;;310
200600038552;6;7;14;20;5;2;1;1;3;555;999, RUE UNIVERSITE DU M;;;;310
200600038583;6;7;28;1140;1;2;2;1;3;555;999, RUE DE LA TANNERIE;;;;310
200600038598;6;7;28;905;1;2;3;1;3;13;ABBE DE MONTESQUIOU;;;;320
200600038599;6;7;1;1745;1;2;6;1;3;529;1, MIQUELOTS (BD DES);;;;330
200600038602;6;7;20;1150;1;2;1;1;1;9;36bis, MAUPASSANT (AVE G;;;;330
200600038629;6;7;11;2330;5;2;7;1;5;63;PCE BIR HAKEIM;;;;330
200600038630;6;7;11;1715;1;2;8;1;3;63;CRS VICTOR HUGO;;;;330
200600038631;6;7;12;1635;1;2;1;1;6;63;18, CRS D'ALBRET;;;;330
200600038632;6;7;13;745;1;2;1;1;3;63;16-20, CRS DE LA MARNE;;;;330
200600038641;6;7;13;1505;1;2;1;1;3;69;AVE DE LA LIBERATION-CH.;;;;330
200600038649;6;7;23;1000;1;2;2;1;3;63;CRS DE L'ARGONNE;;;;330
200600038689;6;7;9;944;1;1;1;1;3;32;NR, ROUTE NATIONALE 1112;;;;340
200600038706;6;7;1;2010;1;2;1;1;6;172;MICHELET (RUE);;;;340
200600038709;6;7;4;935;1;2;1;1;3;172;2, FOCH (RUE);;;;340
200600038720;6;7;17;1715;1;2;1;1;3;172;13, GAMBETTA (COURS);;;;340
200600038728;6;7;22;845;1;2;1;1;6;172;406, PEDRO DE LUNA (BOUL;;;;340
200600038754;6;7;5;1700;1;1;1;2;2;238;00, GUINEBAUDIERE  (LIEU;;;;350
200600038774;6;7;23;1910;1;2;2;1;3;238;00, SALLE (BLD JEAN BAPT;;;;350
200600038794;6;7;9;1810;1;1;6;1;3;63;1, RD PT FREESBEE;;;;360
200600038800;6;7;17;1330;1;2;1;1;1;44;PASCAL (BD BLAISE);;;;360
200600038804;6;7;20;1000;1;2;1;1;3;44;71, MARINS (BD DES);;;;360
200600038806;6;7;29;930;1;2;2;1;3;44;0, MOULIN NEUF (BD DU);;;;360
200600038814;6;7;17;1820;1;2;1;1;3;261;TONNELLE (BOULEVARD);;;;370
200600038842;6;7;17;830;1;2;1;1;3;423;113, LECLERC (AVENUE GL.;;;;380
200600038843;6;7;17;1015;1;2;1;1;6;169;ARGENTIERE (RUE DE L');;;;380
200600038844;6;7;18;1210;1;2;1;1;2;185;145, BERRIAT (COURS);;;;380
200600038848;6;7;19;1010;1;2;1;1;1;421;6, GALOCHERE(AV. DE LA)R;;;;380
200600038853;6;7;26;825;1;2;1;7;6;185;00, BALZAC (RUE H. DE);;;;380
200600038856;6;7;27;1915;1;2;1;1;6;185;45, CHORIER (RUE N.) 1 A;;;;380
200600038860;6;7;31;1000;1;2;1;1;6;185;00, LIBERATION (COURS);;;;380
200600038869;6;7;2;705;1;2;1;1;6;192;3, FOCH (AV DU MARECHAL);;;;400
200600038872;6;7;5;1050;1;2;1;1;2;18;WILSON (AVENUE DU PRESID;;;;410
200600038881;6;7;22;1355;1;2;3;1;3;269;., BRIAND (AVENUE ARISTI;;;;410
200600038883;6;7;3;1540;1;2;3;1;3;44;URFE (RUE HONORE D');;;;420
200600038885;6;7;6;1520;1;2;3;1;3;316;1, CONDORCET (RUE);;;;420
200600038891;6;7;5;1030;1;2;1;1;6;127;125, BRIENNON (RT DE);;;;420
200600038895;6;7;10;710;1;2;6;1;7;127;1, MUSSET  RD 207 (AVENU;;;;420
200600038901;6;7;18;1225;1;2;2;1;2;127;20, LIBERATION (AVENUE D;;;;420
200600038916;6;7;12;542;2;2;2;1;1;218;GRIS DE LIN (DU);;;;420
200600038922;6;7;27;840;1;2;3;1;7;223;0000000001, MONTBRISON;;;;420
200600038946;6;7;13;1750;1;2;1;1;3;55;32, ETOILE ( AVENUE DE L;;;;440
200600038952;6;7;16;1005;1;2;1;1;2;55;LATTRE DE TASSIGNY ( AVE;;;;440
200600038956;6;7;21;1945;1;2;1;1;3;55;JOFFRE ( AVENUE );;;;440
200600038970;6;7;5;1745;1;2;1;1;6;109;1, QUAI DE LA FOSSE;;;;440
200600038981;6;7;10;950;1;2;1;1;6;109;PLACE PIRMIL;;;;440
200600038985;6;7;7;1445;1;2;3;1;6;109;RUE DES PAVILLONS;;;;440
200600038988;6;7;15;1620;1;2;1;1;3;109;PONT DE LA ROTONDE;;;;440
200600038990;6;7;15;1730;1;2;6;1;6;109;ROUTE DE CARQUEFOU;;;;440
200600038996;6;7;21;1940;1;1;2;1;3;109;RUE GEOFFROY DROUET;;;;440
200600039003;6;7;26;1630;1;2;1;1;2;109;., PONT GENERAL AUDIBERT;;;;440
200600039019;6;7;18;1640;1;2;1;1;2;184;GAUTIER (RUE HENRI) DU 2;;;;440
200600039029;6;7;3;1725;1;2;3;1;3;284;42, SOULAS (AVENUE LOUIS;;;;450
200600039038;6;7;13;1435;1;2;2;1;3;234;01, QUEBEC (BOULEVARD DE;;;;450
200600039042;6;7;18;1900;1;2;3;1;3;234;02, CROIX DE LA PUCELLE;;;;450
200600039043;6;7;18;1008;1;2;3;1;3;234;09, MOUILLERE (RUE DE LA;;;;450
200600039047;6;7;24;1145;1;2;1;1;2;234;face 129, MARCEAU (RUE S;;;;450
200600039053;6;7;30;2200;3;2;1;1;3;284;123, RACINE (RUE JEAN);;;;450
200600039063;6;7;6;1649;1;2;1;1;2;1;PONT DE PIERRE;;;;470
200600039081;6;7;6;1949;1;2;2;1;3;7;0, CHALETS CHEMIN;;;;490
200600039082;6;7;10;1923;1;2;2;1;6;7;SAUMUROISE IMPASSE ET RU;;;;490
200600039085;6;7;13;2006;1;2;1;1;2;7;55, BRIAND AVENUE;;;;490
200600039094;6;7;20;1635;1;2;1;1;7;7;9, BLUM;;;;490
200600039099;6;7;24;1650;1;2;1;1;6;246;29, GRAND LARGE PORT;;;;490
200600039104;6;7;31;2103;2;2;3;2;3;7;30, FREMOND;;;;490
200600039112;6;7;4;1120;1;2;1;1;7;129;39, MAHIEU (RUE ALBERT);;;;500
200600039117;6;7;6;5;5;2;1;1;2;129;0, LAVIEILLE (RUE FRANCO;;;;500
200600039118;6;7;7;1220;1;2;3;1;7;129;00, REVOLUTION (PLACE DE;;;;500
200600039124;6;7;16;1840;1;2;1;1;6;129;0, ABBAYE (RUE DE L');;;;500
200600039134;6;7;28;1115;1;2;1;1;2;129;0, TANNERIES (RUE DES);;;;500
200600039135;6;7;28;1505;1;2;1;1;5;602;, ALLIES (RUE DES);;;;500
200600039146;6;7;1;1000;1;2;3;1;3;454;LENOIR (RUE CAMILLE);;;;510
200600039162;6;7;31;2050;1;2;1;1;3;454;05 bIS, DOUMER (BOULEVAR;;;;510
200600039166;6;7;29;706;1;2;1;1;7;121;43, RIBOT (RUE);;;;520
200600039187;6;7;7;2020;1;2;2;1;3;395;QUATRE EGLISES (RUE DES;;;;540
200600039195;6;7;17;815;1;1;2;1;3;578;SANCE (RUE DE LA);;;;540
200600039196;6;7;17;1120;1;2;1;1;2;578;5, AIGUILLETTES  (BD 1 A;;;;540
200600039200;6;7;20;1330;1;2;1;1;6;395;23, MIRECOURT (ROUTE DE);;;;540
200600039201;6;7;20;1355;1;1;2;1;3;197;LUPCOURT (ROUTE DE);;;;540
200600039205;6;7;24;1215;1;1;1;1;6;300;20, PATTON (RUE DU GENER;;;;540
200600039226;6;7;26;1200;1;1;1;1;7;545;CITADELLE   (BOULEVARD D;;;;550
200600039236;6;7;4;1253;1;2;6;1;3;121;TY-LANN ( RP DE );;;;560
200600039241;6;7;7;1900;1;2;1;1;6;121;00, QUEUDET ( AV RAYMOND;;;;560
200600039242;6;7;8;1900;1;1;1;1;7;107;00, ROUTE DEPARTEMENTALE;;;;560
200600039245;6;7;11;1722;1;2;6;1;3;121;00, KENNEDY ( ET RD-PT D;;;;560
200600039251;6;7;21;120;5;2;1;1;7;121;00, LANVEUR ( ET PL. DE;;;;560
200600039252;6;7;21;1819;1;2;6;1;3;121;00, ASTURIES (ROND POINT;;;;560
200600039256;6;7;24;1414;1;2;1;1;7;107;120, LE GUEN (RUE  JULES;;;;560
200600039257;6;7;25;557;5;2;1;1;3;121;08, HERRIOT ( BD EDOUARD;;;;560
200600039260;6;7;29;1000;1;2;1;2;7;121;00, ALSACE-LORRAINE  ( P;;;;560
200600039265;6;7;17;1405;1;2;6;1;3;260;., KERGRAIN(GIRATOIRE DE;;;;560
200600039277;6;7;23;900;1;2;1;1;6;253;152, METZ (RUE DE);;;;570
200600039320;6;7;13;715;1;2;1;1;6;17;43, DECEUNINCK  (RUE ERN;;;;590
200600039322;6;7;12;1320;1;1;3;1;3;143;KENNEDY (RUE DU PRESIDEN;;;;590
200600039338;6;7;3;1330;1;2;1;1;3;183;0.000, VANGHELUWE ROBERT;;;;590
200600039340;6;7;8;1435;1;2;1;1;3;183;0.000, HUGO VICTOR - BOU;;;;590
200600039344;6;7;19;1930;1;2;2;1;3;183;0.000, CLEMENCEAU;;;;590
200600039347;6;7;31;810;1;2;1;1;3;340;0.000,  Acieries rues de;;;;590
200600039356;6;7;3;1210;1;2;1;1;3;378;FOCH AVENUE N°2-130;;;;590
200600039375;6;7;13;1230;1;2;1;1;3;350;40, FAIDHERBE RUE;;;;590
200600039379;6;7;14;1635;1;2;2;1;3;507;4, YSER RUE DE L;;;;590
200600039382;6;7;11;1100;1;2;1;1;6;378;001, EAUX RUE DES;;;;590
200600039389;6;7;19;1005;1;2;1;1;6;9;168, GUESDE JULES RUE;;;;590
200600039391;6;7;18;2050;1;2;3;1;3;328;244, DUNKERQUE AVENUE DE;;;;590
200600039392;6;7;18;1745;1;2;3;1;6;350;255, SALENGRO ROGER RUE;;;;590
200600039396;6;7;21;1610;1;2;1;1;6;378;COUTURE RUE DE LA;;;;590
200600039434;6;7;27;950;1;2;1;1;3;512;COGGHE (RUE REMY);;;;590
200600039437;6;7;28;2200;5;2;2;1;6;512;ROCROI (RUE DE);;;;590
200600039441;6;7;28;1320;1;2;9;1;3;367;MONTOIS (LIEUDIT LE);;;;590
200600039453;6;7;20;1940;1;2;3;1;2;90;1375, GAULLE (AVENUE DU;;;;590
200600039456;6;7;26;1935;1;2;1;1;6;599;310, ROUGE (RUE DE LA CR;;;;590
200600039475;6;7;5;1030;1;2;1;1;6;447;258, JAURES (RUE JEAN);;;;590
200600039476;6;7;19;1200;1;2;1;1;3;32;126B, LIBERATION (AVENUE;;;;590
200600039483;6;7;14;2235;3;1;1;1;3;414;RD 200_SURPLOMB AVEN LIB;;;;600
200600039511;6;7;26;1135;1;2;3;1;3;570;15, DOURGES;;;;620
200600039520;6;7;6;1145;1;2;1;1;7;893;2, NOTRE DAME ( Rue );;;;620
200600039563;6;7;23;1000;1;2;6;1;2;826;CHATEAU (AVENUE DU);M;4876459.0;345699.0;620
200600039565;6;7;3;610;1;2;1;1;7;75;9, ROYAT (AVENUE DE);;;;630
200600039567;6;7;4;715;1;2;9;1;6;32;MONT-DORE (AVENUE DU);;;;630
200600039584;6;7;14;1630;1;1;2;1;6;113;1, CERISIERE (RUE DE LA);;;;630
200600039601;6;7;26;1845;1;2;1;1;6;14;27, FOISSES (RUE DES);;;;630
200600039611;6;7;21;1805;1;2;2;1;3;124;20, POURRAT (RUE HENRI);;;;630
200600039623;6;7;6;1110;1;2;3;1;3;24;59, QUATRE CANTONS (RUE;;;;640
200600039676;6;7;28;1550;1;2;2;1;3;445;1, LILAS DES;;;;640
200600039697;6;7;25;655;2;2;1;1;2;483;RN10;;;;640
200600039704;6;7;10;1210;1;2;1;1;6;483;39, HUGO VICTOR (BOULEVA;;;;640
200600039712;6;7;1;715;1;1;2;1;3;226;NATIONALE 117 (ROUTE);;;;650
200600039718;6;7;5;1204;1;2;2;2;3;440;., LAMARTINE (RUE);;;;650
200600039724;6;7;11;820;1;2;6;1;3;440;MAI 1945 (BOULEVARD DU 0;;;;650
200600039764;6;7;2;1825;1;2;3;1;3;482;00, CLEMENCEAU (BOULEVAR;;;;670
200600039766;6;7;3;1945;1;2;3;1;6;482;0, GENERAL DE GAULLE (AV;;;;670
200600039771;6;7;5;1815;1;2;1;1;3;267;2, HIRONDELLES (RUE DES);;;;670
200600039788;6;7;16;950;1;2;3;1;3;482;00, ALSACE (AVENUE D );;;;670
200600039789;6;7;17;815;1;2;3;1;3;482;00, ALPES (QUAI DES);;;;670
200600039790;6;7;17;1720;1;2;1;1;1;482;00, DRUSUS (RUE);;;;670
200600039792;6;7;18;1935;1;2;3;1;3;447;00, PATRIE (RUE DE LA);;;;670
200600039793;6;7;19;900;1;2;1;1;3;482;00, VIENNE (ROUTE DE);;;;670
200600039801;6;7;24;830;1;2;1;1;6;482;270, COLMAR (AVENUE DE);;;;670
200600039812;6;7;29;820;1;2;5;1;3;66;1, FLEISCHLHAUER (RUE);;;;680
200600039818;6;7;6;1815;1;2;1;1;3;224;05, FORST (QUAI DU);;;;680
200600039821;6;7;11;1635;1;2;3;1;3;56;CLEMENCEAU (RUE);;;;680
200600039823;6;7;17;2140;5;2;2;1;3;224;LOISY (RUE DU LIEUTENANT;;;;680
200600039831;6;7;11;700;1;2;1;7;2;166;2A, ILLZACH (RUE D');;;;680
200600039872;6;7;4;1030;1;2;6;1;6;550;ROCADE OUEST - RD 457;;;;700
200600039877;6;7;21;1210;1;2;2;1;3;76;ARNAL (RUE RAYMOND);;;;710
200600039891;6;7;24;1350;1;2;6;1;3;270;GARDON (PLACE);;;;710
200600039892;6;7;24;1755;1;2;1;1;3;270;96, HERRIOT (AVENUE EDOU;;;;710
200600039902;6;7;4;2010;1;2;1;1;6;181;ADELET RAYMOND (PLACE);;;;720
200600039903;6;7;5;1045;1;2;1;1;3;181;LEFAUCHEUX PIERRE (BD);;;;720
200600039904;6;7;5;1640;1;2;1;1;6;181;MASSIF CENTRAL (RUE DU);;;;720
200600039944;6;7;18;740;1;2;6;1;3;8;MARLIOZ AVENUE DE;;;;730
200600039945;6;7;3;1055;1;2;6;1;3;11;JEUX OLYMPIQUES (AVENUE;;;;730
200600039946;6;7;20;1508;1;2;1;1;3;65;0.001, COVET (AVENUE DU);;;;730
200600039947;6;7;1;1740;1;2;1;1;3;10;84 BIS, BROGNY (AVENUE D;;;;740
200600039956;6;7;10;825;1;2;2;1;3;8;PAIX (RUE DE LA);;;;740
200600039967;6;7;14;1650;1;2;3;1;3;281;RIPAILLE (AVENUE DE);;;;740
200600039978;6;7;2;1725;1;2;1;1;3;16;8 BD ANDRE MAUROIS;;;;750
200600039980;6;7;2;1115;1;2;1;1;7;16;L12811 RTE DES TRIBUNES;;;;750
200600039990;6;7;1;1430;1;2;2;1;6;13;R CH DES RENTIERS R DE T;;;;750
200600039993;6;7;1;1440;1;2;1;1;3;20;196 R DES PYRENEES;;;;750
200600040001;6;7;2;1905;1;2;3;1;1;20;R EUGENE REISZ R FELIX T;;;;750
200600040002;6;7;3;1200;1;2;1;1;3;11;2 R SAINT AMBROISE;;;;750
200600040010;6;7;3;1450;1;2;1;1;6;11;10 AV DE LA REPUBLIQUE;;;;750
200600040015;6;7;3;1550;1;2;1;1;7;13;52 BD VINCENT AURIOL;;;;750
200600040041;6;7;4;1811;1;2;1;1;6;15;76 R LECOURBE;;;;750
200600040046;6;7;6;325;5;2;2;1;3;4;R MALHER R DE RIVOLI;;;;750
200600040049;6;7;4;1355;1;2;2;1;3;6;PL DU DIX HUIT JUIN 1940;;;;750
200600040050;6;7;4;1900;1;2;1;1;6;11;102 BD VOLTAIRE;;;;750
200600040052;6;7;5;1035;1;2;1;1;3;11;54 R DE MONTREUIL;;;;750
200600040054;6;7;5;1015;1;2;2;1;3;2;BD DES CAPUCINES PL DE L;;;;750
200600040106;6;7;7;1155;1;2;2;1;2;19;AV LAUMIERE R MANIN;;;;750
200600040116;6;7;8;1923;1;2;1;1;6;16;L16222 PL PTE DE SAINT C;;;;750
200600040124;6;7;10;1845;1;2;2;1;3;7;R ARISTIDE BRIAND R DE L;;;;750
200600040131;6;7;11;1010;1;2;2;1;3;11;R RAMPON BD VOLTAIRE;;;;750
200600040143;6;7;8;1212;1;2;1;8;7;14;120 R  D ALESIA;;;;750
200600040152;6;7;5;1832;1;2;2;1;7;17;BD PEREIRE PL WAGRAM;;;;750
200600040173;6;7;11;1655;1;2;1;1;7;8;7 AV MARIGNY;;;;750
200600040192;6;7;5;925;1;2;2;1;3;10;BD SAINT DENIS BD DE STR;;;;750
200600040200;6;7;10;1900;1;2;1;1;3;10;82 R DE L AQUEDUC;;;;750
200600040219;6;7;13;1441;1;2;2;1;3;17;BD GOUVION SAINT CYR AV;;;;750
200600040244;6;7;12;955;1;2;1;1;6;20;18 R DES HAIES;;;;750
200600040247;6;7;13;1830;1;2;1;1;3;11;6 BD VOLTAIRE;;;;750
200600040252;6;7;15;1330;1;2;2;1;7;4;R DES DEUX PONTS QU D OR;;;;750
200600040253;6;7;15;1120;1;2;1;1;3;4;8 R DU RENARD;;;;750
200600040254;6;7;15;2234;5;2;1;1;2;11;226 BD VOLTAIRE;;;;750
200600040263;6;7;16;1445;1;2;1;1;6;13;BD MASSENA;;;;750
200600040273;6;7;17;1935;1;2;2;1;3;11;R FG SAINT ANTOINE AV LE;;;;750
200600040275;6;7;20;855;1;2;1;1;2;14;272 BD RASPAIL;;;;750
200600040293;6;7;18;1400;1;2;2;1;3;15;QU ANDRE CITROEN PO DE G;;;;750
200600040317;6;7;19;2200;5;2;2;1;2;19;BD D INDOCHINE AV PTE BR;;;;750
200600040327;6;7;20;1030;1;2;1;1;3;13;181 BD VINCENT AURIOL;;;;750
200600040334;6;7;14;1942;1;2;2;1;3;10;R ALEXANDRE PARODI R FG;;;;750
200600040339;6;7;17;845;1;2;2;1;4;12;AV DAUMESNIL AV SAINT MA;;;;750
200600040341;6;7;18;1725;1;2;1;1;3;12;80 AV SAINT MANDE;;;;750
200600040347;6;7;20;1850;1;2;2;1;6;6;R DE RENNES R DE VAUGIRA;;;;750
200600040367;6;7;24;1016;1;2;1;1;3;3;320 R SAINT MARTIN;;;;750
200600040380;6;7;13;2050;1;2;3;1;6;20;BD DAVOUT R DU VOLGA;;;;750
200600040395;6;7;19;1720;1;2;2;1;3;15;AV PTE BRANCION ECH SEVR;;;;750
200600040400;6;7;19;1210;1;2;1;1;3;15;64 R BALARD;;;;750
200600040412;6;7;21;1020;1;2;1;1;6;19;8 R PETIT;;;;750
200600040431;6;7;21;955;1;2;3;1;6;8;BD DE COURCELLES R DE LA;;;;750
200600040433;6;7;21;1430;1;2;1;1;6;17;2 BD DE COURCELLES;;;;750
200600040438;6;7;24;1920;1;2;2;1;3;4;R PT  LOUIS PHILIPPE QU;;;;750
200600040450;6;7;25;725;1;2;2;1;3;9;PL BLANCHE BD DE CLICHY;;;;750
200600040451;6;7;25;1840;1;2;1;1;3;13;226 R DE TOLBIAC;;;;750
200600040455;6;7;26;1300;1;2;2;1;3;3;R MICHEL LE COMTE R DU T;;;;750
200600040458;6;7;26;1955;1;2;2;1;6;11;R F DE NEUFCHATEAU R RIC;;;;750
200600040462;6;7;26;1100;1;2;1;1;6;17;44 AV NIEL;;;;750
200600040464;6;7;26;50;5;2;1;1;3;18;100 R DE LA CHAPELLE;;;;750
200600040469;6;7;20;1450;1;2;2;1;3;12;PO DE BERCY QU DE BERCY;;;;750
200600040471;6;7;22;1845;1;2;1;1;3;12;6 R CHAMBERTIN;;;;750
200600040477;6;7;26;1800;1;2;2;1;3;4;QU HENRI IV PO SULLY;;;;750
200600040496;6;7;27;1645;1;2;2;1;3;1;R DE RIVOLI R DU ROULE;;;;750
200600040497;6;7;27;950;1;2;3;2;6;1;R DE LE ECHELLE R DE RIV;;;;750
200600040508;6;7;27;830;1;2;2;1;7;20;R D AVRON BD  DAVOUT;;;;750
200600040540;6;7;24;1820;1;2;3;1;3;17;AV DE CLICHY R JACQUEMON;;;;750
200600040546;6;7;26;1815;1;2;2;1;3;14;BD BRUNE AV JEAN MOULIN;;;;750
200600040573;6;7;31;1025;1;2;1;1;3;11;34 BD DU TEMPLE;;;;750
200600040600;6;7;27;1350;1;2;2;1;3;18;R DAMREMONT R ORDENER;;;;750
200600040605;6;7;31;655;2;2;1;1;3;18;12 R D AUBERVILLIERS;;;;750
200600040626;6;7;3;1910;1;2;3;1;3;178;0, MARTYRS. RUE DES;;;;760
200600040628;6;7;26;1655;1;2;1;1;2;484;0, CD 13;;;;760
200600040629;6;7;7;1545;1;2;1;1;3;351;73, AMIRAL MOUCHEZ (BD);;;;760
200600040636;6;7;5;1630;1;2;1;1;6;319;1, pierre bonnard;;;;760