Num_Acc;an;mois;jour;hrmn;lum;agg;int;atm;col;com;adr;gps;lat;long;dep
200600049429;6;8;31;2350;5;2;2;1;3;15;R DE L EGLISE R DE LOURM;;;;750
200600049562;6;8;24;940;1;2;1;1;7;208;VILLEDIEU (AVENUE DE LA);;;;780
200600049564;6;8;11;1140;1;2;2;1;2;423;LYCEE (AVENUE DU);;;;780
200600049566;6;8;24;900;1;2;1;9;3;423;DESCARTES (BOULEVARD);;;;780
200600049585;6;8;24;1610;1;2;1;1;3;490;SAINT GERMAIN (AVENUE DE;;;;780
200600049588;6;8;26;1410;1;2;2;1;3;123;SAINT BLAISE PLACE;;;;780
200600049626;6;8;7;955;1;2;1;1;6;21;0, BEAUVILLE CENTRE (BOU;;;;800
200600049627;6;8;7;1340;1;2;2;2;3;21;0, EDOUARD BRANLY (ESPLA;;;;800
200600049640;6;8;28;1315;1;2;1;3;1;21;0, CAGNY (RUE DE);;;;800
200600049645;6;8;31;1605;1;2;1;1;3;21;0, QUEBEC (RUE DE);;;;800
200600049659;6;8;4;1400;1;2;1;1;6;33;28, JUIN (du Maréchal);;;;820
200600049663;6;8;9;1600;1;2;6;1;3;121;0, TASSIGNY ( rond point;;;;820
200600049683;6;8;24;1430;1;2;3;1;3;9;157, MADAGASCAR (RUE DE);;;;830
200600049693;6;8;21;1430;1;2;3;1;6;126;0, FERRY (RUE JULES);;;;830
200600049694;6;8;25;1535;1;2;1;1;1;126;0, LOTI (RUE PIERRE);;;;830
200600049700;6;8;8;1030;1;2;1;1;6;98;0, LE LEAP (AVENUE ALAIN;;;;830
200600049718;6;8;7;1325;1;2;1;1;3;7;SAINT MICHEL (Boulevard);;;;840
200600049729;6;8;22;800;1;1;1;1;2;7;59, SIXTE ISNARD (Boulev;;;;840
200600049743;6;8;15;2235;3;1;1;1;2;35;RD.973;;;;840
200600049755;6;8;8;1410;1;2;1;1;6;191;69, ANGLETERRE BOULEVARD;;;;850
200600049776;6;8;11;1920;1;2;1;1;2;194;., IAROSLAV (AVENUE DE);;;;860
200600049801;6;8;7;1802;1;2;1;1;7;85;1, BORIE (BOULEVARD DE L;;;;870
200600049816;6;8;24;1450;1;2;1;1;2;113;27, MOULIN (AVENUE JEAN);;;;870
200600049837;6;8;1;1045;1;2;2;1;6;24;00, LISERONS (RUE DES);;;;890
200600049838;6;8;7;1725;1;2;1;1;2;387;0, GEORGES POMPIDOU (AVE;;;;890
200600049848;6;8;23;1015;1;2;6;1;3;223;AVENUE DE LA LIBERATION;;;;910
200600049912;6;8;22;820;1;2;3;1;3;60;REAUMUR (AVENUE);;;;920
200600049919;6;8;5;935;1;2;3;1;3;25;PIERRE BROSSOLETTE (RUE);;;;920
200600049922;6;8;25;1430;1;2;3;1;2;25;SAINT DENIS (RUE);;;;920
200600049923;6;8;25;1915;1;2;3;7;3;25;MARECHAL JOFFRE (RUE DU);;;;920
200600049938;6;8;24;2035;2;2;2;1;3;40;BAS MEUDON (AVENUE DU);;;;920
200600049957;6;8;24;1155;1;2;1;1;6;49;8, PERI RUE GABRIEL N°2;;;;920
200600049962;6;8;31;1550;1;2;1;1;6;20;13, AVENIR RUE DE L';;;;920
200600049984;6;8;25;2145;5;2;1;1;3;64;PALAIS;;;;920
200600050005;6;8;2;1300;1;2;1;1;2;5;NEANT, MITRY [CD115] (RO;;;;930
200600050009;6;8;23;925;1;2;1;1;7;5;néant, REPUBLIQUE (AVENU;;;;930
200600050013;6;8;30;1510;1;2;1;1;2;5;24, MOULIN DE LA VILLE (;;;;930
200600050031;6;8;11;1300;1;2;3;1;3;27;JAURES (AVENUE JEAN);;;;930
200600050063;6;8;31;1700;1;2;1;1;6;74;106, MEAUX RUE DE;;;;930
200600050064;6;8;31;1905;1;1;1;1;6;46;STRATEGIQUE ROUTE;;;;930
200600050066;6;8;23;1200;1;2;5;1;3;48;ROSNY (RUE DE);;;;930
200600050076;6;8;16;1700;1;2;2;1;2;50;36, GENERAL DE GAULLE (A;;;;930
200600050123;6;8;8;1900;1;2;1;1;2;71;JOHN F. KENNEDY (AVENUE);;;;930
200600050195;6;8;16;1955;1;2;3;1;3;76;1, MAXIME GORKI (BD);;;;940
200600050198;6;8;23;1550;1;2;1;1;3;16;185, ARISTIDE BRIAND (AV;;;;940
200600050219;6;8;23;755;1;2;1;1;3;46;00, REPUBLIQUE (AV DE LA;;;;940
200600050222;6;8;10;1325;1;2;1;1;3;58;8, BRY (AV DE);;;;940
200600050234;6;8;10;1800;1;2;3;1;3;78;VALENTON (AV DE);;;;940
200600050235;6;8;23;2050;2;1;3;1;3;78;EUGENE SUE (R);;;;940
200600050241;6;8;10;805;1;2;6;1;3;18;COMMUNE DE PARIS (PLACE;;;;950
200600050250;6;8;25;1325;1;2;3;1;3;18;RESISTANCE (BOULEVARD DE;;;;950
200600050268;6;8;31;1550;1;2;1;1;2;306;0, 8 MAI 1945 (BOULEVARD;;;;950
200600050284;6;8;8;1032;1;1;6;1;6;4;SANS, CAMPO DELL ORO RTE;;;;201
200600050293;6;8;21;2230;5;2;2;1;6;4;SANS, CONVENTIONNEL SALI;;;;201
200600050533;6;8;2;1740;1;2;1;1;6;383;EUGENE DERUELLE;;;;690
200600050534;6;8;2;1215;1;2;1;1;6;386;183, LAFAYETTE;;;;690
200600050602;6;8;18;2150;5;2;2;1;3;387;UNIVERSITE (DE L');;;;690
200600050638;6;8;4;2000;1;2;9;1;3;389;02, MARIETTON;;;;690
200600050642;6;8;13;710;1;2;1;1;3;389;ST PIERRE DE VAISE;;;;690
200600050700;6;9;15;1445;1;2;1;1;1;335;de ROUBAIX) / rue neuve;M;0.0;0.0;590
200600050708;6;9;10;1130;1;1;9;1;2;589;;M;5036300.0;267200.0;620
200600050715;6;9;10;930;1;2;1;1;3;473;rue cense balque;M;5061900.0;245900.0;620
200600050718;6;9;9;1745;1;1;1;1;2;491;Rue du Bacquerot;M;5061100.0;277600.0;620
200600050721;6;9;9;1200;1;2;1;1;2;773;740 avenue Henri Mory;M;0.0;0.0;620
200600050731;6;9;13;1515;1;2;9;1;6;14;Rue Edouard Herriot;M;0.0;0.0;620
200600050737;6;9;23;2000;3;1;1;1;2;652;;M;0.0;0.0;620
200600050750;6;9;18;1200;1;1;1;1;3;24;;M;4994600.0;223100.0;800
200600050752;6;9;26;1600;1;2;3;1;3;635;rue du chaud four;M;0.0;0.0;800
200600050783;6;9;17;1100;1;1;1;8;1;820;;M;0.0;0.0;20
200600050786;6;9;26;1945;2;2;6;1;1;173;Place du Brouage;M;0.0;0.0;20
200600050813;6;9;8;915;1;2;9;1;2;644;Face E.LECLERC;M;0.0;0.0;600
200600050822;6;9;27;1345;1;2;2;1;3;146;RUE DU PETIT PARIS;M;4960800.0;236800.0;600
200600050832;6;9;20;1830;1;1;1;1;6;491;;M;0.0;0.0;600
200600050840;6;9;3;1145;1;1;1;1;6;124;;M;0.0;0.0;570
200600050917;6;9;10;1000;1;2;1;1;3;326;28 av Philippe de Volvir;M;4833700.0;-153300.0;350
200600050951;6;9;17;1015;1;2;1;1;5;93;centre bourg de St Aaron;M;0.0;0.0;220
200600050954;6;9;24;845;1;1;1;8;3;389;François Jaffrain CD 765;M;0.0;0.0;220
200600050974;6;9;13;1900;1;1;6;1;1;113;;M;4864300.0;-370600.0;290
200600050985;6;9;19;930;1;2;6;1;1;178;;M;4807200.0;-296600.0;560
200600051047;6;9;28;1600;1;2;1;1;1;484;Rue Riffaudière;M;0.0;0.0;500
200600051068;6;9;5;1415;1;1;1;1;2;215;Route de PONT ST MARTIN;M;0.0;0.0;440
200600051091;6;9;15;745;2;2;1;1;2;18;Rue Charles LINDBERG;M;4716000.0;-160100.0;440
200600051095;6;9;9;1630;1;1;2;1;1;87;;M;4698700.0;-190300.0;440
200600051100;6;9;5;930;1;1;2;1;1;69;CD 774;M;4730000.0;-243300.0;440
200600051109;6;9;9;1815;1;1;1;1;2;35;;M;4742900.0;-61300.0;490
200600051111;6;9;22;1315;1;1;3;1;3;21;;M;0.0;0.0;490
200600051112;6;9;24;1350;1;2;1;2;6;49;Rue du Tertre;M;4744700.0;-15500.0;490
200600051126;6;9;26;1015;1;1;2;1;3;264;;M;0.0;0.0;490
200600051149;6;9;28;1815;1;1;1;1;2;185;;M;0.0;0.0;530
200600051171;6;9;22;1515;1;2;1;1;3;132;2 rue marceau;M;0.0;0.0;720
200600051176;6;9;14;715;2;1;1;1;1;217;LE PLANTY, Bordure RN137;M;0.0;0.0;850
200600051177;6;9;21;500;2;1;1;1;3;19;Le Champ du Bois;M;0.0;0.0;850
200600051189;6;9;6;1830;1;1;1;1;3;83;route de noirmoutier;M;0.0;0.0;850
200600051201;6;9;25;815;1;2;1;2;1;162;1 Bis rue André Blanc;M;0.0;0.0;330
200600051238;6;9;1;1130;1;1;1;1;3;461;le petit Paris;M;0.0;0.0;240
200600051241;6;9;10;1045;1;1;1;1;6;38;;M;4530800.0;34800.0;240
200600051248;6;9;20;1045;1;1;1;1;1;82;;M;0.0;0.0;240
200600051259;6;9;7;800;1;1;1;1;2;284;;M;0.0;0.0;400
200600051260;6;9;12;815;1;1;1;5;2;261;;M;0.0;0.0;400
200600051298;6;9;1;2015;1;2;1;1;1;309;Rue Denis Porcarreli;M;0.0;0.0;470
200600051318;6;9;27;1545;1;2;1;1;6;95;rue de l'église;M;0.0;0.0;860
200600051362;6;9;9;830;1;1;2;7;3;107;ement des CD 5 et CD 111;M;0.0;0.0;170
200600051368;6;9;26;945;1;1;3;1;3;154;;M;0.0;0.0;170
200600051375;6;9;22;2130;4;2;1;1;1;24;RUE DES CARMES;M;4602400.0;-34600.0;170
200600051406;6;9;3;1500;1;1;1;1;1;111;dit Le Saleix - axe D98E;M;0.0;0.0;190
200600051422;6;9;3;1100;1;1;1;1;5;25;Lieu dit BIROL;M;4349500.0;144100.0;310
200600051463;6;9;8;2030;3;1;1;1;1;300;Rulhe;M;0.0;0.0;120
200600051475;6;9;1;2000;2;1;1;1;2;208;;M;4392700.0;62400.0;320
200600051500;6;9;11;1830;1;2;6;1;3;235;;M;0.0;0.0;810
200600051522;6;9;6;1445;1;2;1;1;3;125;Route de Chazay d'Azergu;M;0.0;0.0;690
200600051577;6;9;23;1745;1;2;3;1;3;407;rue churchill;M;0.0;0.0;10
200600051582;6;9;7;1145;1;2;1;1;1;202;place de la liberté;M;0.0;0.0;10
200600051609;6;9;26;1445;1;2;1;1;1;349;rue de la Blache;M;4481100.0;478400.0;70
200600051616;6;9;8;1000;1;2;1;1;1;324;Avenue du 08 mai 45;M;0.0;0.0;70
200600051632;6;9;9;1800;1;1;1;1;1;33;CD 341;M;0.0;0.0;260
200600051634;6;9;23;1445;1;1;1;1;1;33;;M;0.0;0.0;260
200600051635;6;9;4;1230;1;1;1;1;7;242;;M;0.0;0.0;260
200600051638;6;9;25;430;3;1;1;2;2;325;RN 7;M;0.0;0.0;260
200600051644;6;9;10;1200;1;2;1;1;1;317;9 cours saint andre;M;4513300.0;570700.0;380
200600051655;6;9;13;915;1;2;1;1;3;565;Carrefour de la Gare;M;0.0;0.0;380
200600051669;6;9;21;1730;1;2;1;1;6;517;rue du Thenevet;M;4531100.0;549700.0;380
200600051679;6;9;4;1645;1;2;1;1;2;250;232 Rue du Stade;M;0.0;0.0;380
200600051690;6;9;27;1610;1;1;1;1;5;408;Route de Valencin;M;0.0;0.0;380
200600051693;6;9;27;1215;1;2;1;1;3;85;ROUTE DE VIENNE;M;4575100.0;516800.0;380
200600051720;6;9;9;1000;1;1;1;7;2;85;"lieu dit ""Charbonnière""";M;0.0;0.0;420
200600051721;6;9;20;1700;1;2;1;1;7;271;Lieu-dit Le Bessy;M;4548500.0;457900.0;420
200600051728;6;9;6;1730;1;2;1;7;1;199;le bourg;M;4603500.0;393200.0;420
200600051730;6;9;5;2230;3;1;1;1;6;300;;M;0.0;0.0;730
200600051731;6;9;1;2145;5;1;1;1;1;64;route royale;M;0.0;0.0;730
200600051732;6;9;7;1415;1;1;1;1;7;36;;M;4574300.0;614100.0;730
200600051749;6;9;21;1540;1;2;1;1;1;227;lieu dit ST ANDRE;M;0.0;0.0;740
200600051825;6;9;20;1900;1;2;1;1;3;306;CD 121;M;0.0;0.0;30
200600051828;6;9;11;1415;1;2;6;1;3;196;Carrefour D.20 - D 58;M;4486300.0;230800.0;150
200600051829;6;9;2;2115;5;2;1;1;1;266;rue du PRE REDON;M;4493300.0;253300.0;150
200600051830;6;9;16;2015;5;2;1;1;1;146;iveau office de TOURISME;M;0.0;0.0;150
200600051859;6;9;12;915;1;1;1;1;1;212;CD 66;M;0.0;0.0;570
200600051870;6;9;4;1515;1;1;1;1;6;490;our des R.D 914/R.D 38L;M;4878000.0;656500.0;570
200600051872;6;9;18;1830;1;2;1;1;1;40;rue principale;M;0.0;0.0;570
200600051887;6;9;2;1500;1;2;6;1;3;400;;M;0.0;0.0;540
200600051899;6;9;28;1730;1;1;1;1;2;504;;M;4940300.0;588300.0;540
200600051942;6;9;10;1445;1;1;1;1;1;183;rue du moulin;M;4894200.0;704000.0;670
200600051976;6;9;1;1800;1;1;1;1;1;338;;M;4808800.0;725300.0;680
200600052012;6;9;16;2000;1;1;1;1;1;283;;M;4961700.0;460900.0;80
200600052022;6;9;16;2030;3;1;1;1;2;381;;M;4950300.0;414100.0;80
200600052059;6;9;2;1430;1;1;1;1;3;577;;M;4711500.0;525700.0;210
200600052064;6;9;1;1745;1;1;1;1;2;51;ROUTE NATIONALE 7;M;0.0;0.0;580
200600052067;6;9;11;1715;1;1;1;1;2;28;;M;4695700.0;342200.0;580
200600052094;6;9;19;1645;1;1;1;1;6;56;;M;0.0;0.0;710
200600052121;6;9;10;915;1;1;1;1;6;415;;M;0.0;0.0;250
200600052142;6;9;3;1715;1;1;1;1;1;559;;M;0.0;0.0;390
200600052149;6;9;29;1800;1;2;1;1;1;428;rue du Chardenet;M;0.0;0.0;700
200600052160;6;9;13;1745;1;1;9;1;1;67;;M;0.0;0.0;900
200600052201;6;9;6;1730;1;1;1;1;3;86;;M;4439500.0;668600.0;40
200600052212;6;9;21;1045;1;2;1;1;3;70;Route de Ribiers;M;0.0;0.0;50
200600052226;6;9;11;1030;1;1;1;1;3;17;;M;4456600.0;619900.0;50
200600052233;6;9;17;1645;1;1;1;1;1;39;;M;0.0;0.0;60
200600052240;6;9;8;1430;1;2;1;1;1;161;D2 avenue des Plans;M;0.0;0.0;60
200600052345;6;9;25;1030;1;1;1;2;1;28;;M;0.0;0.0;110
200600052392;6;9;9;1900;1;2;1;1;1;13;Lotissement les bruyères;M;4454000.0;355100.0;480
200600052431;6;9;4;1200;1;1;1;1;1;354;;M;4213600.0;914100.0;202
200600052437;6;9;19;1030;1;1;1;1;3;320;;M;4215000.0;950000.0;202
200600052449;6;9;2;1600;1;2;1;1;7;62;côte de Neauphle;M;4885000.0;188600.0;780
200600052453;6;9;21;1050;1;2;1;1;1;616;route de  VERSAILLES;M;0.0;0.0;780
200600052468;6;9;9;830;1;1;1;1;3;275;clair - Route de grivery;M;0.0;0.0;910
200600052493;6;9;27;1615;1;2;1;1;1;504;rue des fontaines;M;4827400.0;286100.0;770
200600052507;6;9;28;915;1;1;1;1;5;289;;M;4804000.0;197800.0;450
200600052508;6;9;6;1715;1;2;2;1;3;155;Rue Creuse;M;0.0;0.0;450
200600052511;6;9;4;1145;1;2;1;1;1;315;02 BD DU CHAMP DE FOIRE;M;0.0;0.0;450
200600052535;6;9;26;1745;1;2;1;1;3;66;Rue des vignes;M;4699700.0;216800.0;180
200600052568;6;9;14;1545;1;2;1;1;2;88;allée souvenir français;M;0.0;0.0;360
200600052584;6;9;15;1615;1;1;1;3;1;35;;M;4698700.0;34700.0;370
200600052601;6;9;9;1945;1;1;1;1;6;185;;M;0.0;0.0;410
200600052718;6;9;29;1645;1;2;2;1;3;431;carrefour RN 90 et chemi;M;4526200.0;585100.0;380
200600052751;6;9;12;1830;1;2;1;1;5;213;cd 14 où Route d'ANNECY;M;0.0;0.0;740
200600052752;6;9;23;1100;1;2;1;1;1;112;CHEMIN DE ST PAUL;M;0.0;0.0;740
200600052767;6;9;27;1930;2;2;6;1;1;11;CD 5;M;0.0;0.0;740
200600052779;6;9;22;1830;1;2;1;1;6;240;1 rue du Port au Sel;M;4752300.0;-266400.0;560
200600052848;6;9;22;1830;1;2;9;1;1;637;ng mail Georges Brassens;M;4902700.0;202700.0;950
200600052852;6;9;23;1015;1;2;6;1;3;101;R.P.  Salle Jo huitel;M;0.0;0.0;560
200600052853;6;9;23;2130;3;1;1;1;2;175;;M;0.0;0.0;560
200600052864;6;9;26;915;1;2;1;1;1;169;Intersection Cd 112 -;M;0.0;0.0;340
200600052884;6;1;30;940;1;2;1;8;3;172;FLANDRES-DUNKERQUE (PLAC;;;;340
200600052905;6;5;14;1500;1;2;3;1;3;351;1, PIERRE FARCIS;;;;760
200600052920;6;6;13;1025;1;2;3;1;6;99;TURENNE (RUE DE);;;;900
200600053095;6;9;11;1745;1;2;6;1;3;53;SANS, LOUHANS (ROND POIN;;;;10
200600053106;6;9;14;1845;1;2;2;1;3;283;7, PAIX (RUE DE LA);;;;10
200600053111;6;9;10;1415;1;2;1;1;6;691;20, TOUR-Y-VAL (RUE DE);;;;20
200600053124;6;9;20;1225;1;2;6;1;3;185;42, HUGO ( RUE VICTOR );;;;30
200600053148;6;9;25;1430;1;2;3;1;3;310;0, REPUBLIQUE (AVENUE DE;;;;30
200600053151;6;9;10;1700;1;2;1;1;3;61;27, BOSQUET ( RUE DU );;;;50
200600053159;6;9;13;1730;1;2;1;1;3;4;66, POINCARE BD RAYMOND;;;;60
200600053162;6;9;19;1440;1;1;1;1;2;4;GRASSE RTE DE;;;;60
200600053164;6;9;21;1550;1;2;1;1;3;4;COMBES CH.DES;;;;60
200600053189;6;9;27;845;1;2;2;1;3;27;., NICE AVENUE DE (RN7);;;;60
200600053199;6;9;6;1410;1;2;1;1;5;29;33bis, MIDI (BOULEVARD D;;;;60
200600053211;6;9;12;1830;1;2;1;1;3;29;CROISETTE (BOULEVARD DE;;;;60
200600053226;6;9;26;1245;1;2;3;1;1;29;00, GAZAGNAIRE (BL EUGEN;;;;60
200600053230;6;9;28;1818;1;2;3;1;3;29;00, CARNOT (BOULEVARD);;;;60
200600053237;6;9;7;755;1;2;1;1;2;69;X, MARIGARDE (ROUTE DE L;;;;60
200600053277;6;9;7;655;1;2;2;1;3;88;0, GARIBALDI (TRAV.);;;;60
200600053292;6;9;10;1030;1;1;1;1;2;88;0, ANGLAIS (A PARTIR DU;;;;60
200600053328;6;9;17;745;1;2;1;1;2;88;0, ANGLAIS (A PARTIR DU;;;;60
200600053337;6;9;19;1240;1;2;6;1;3;88;0, BAREL (PLACE MAX);;;;60
200600053367;6;9;26;1715;1;2;1;1;3;88;0, BARLA (RUE);;;;60
200600053370;6;9;27;740;1;2;1;1;3;88;0, BARLA (RUE);;;;60
200600053386;6;9;27;1715;1;2;2;1;3;409;83, MARNE (AVENUE DE LA);;;;80
200600053388;6;9;10;1825;1;1;6;1;3;122;RIEUCOURTES;;;;90
200600053390;6;9;9;1255;1;2;1;1;6;387;75, JULES GUESDE (RUE);;;;100
200600053394;6;9;20;1840;1;2;1;1;3;387;000, VOULDY (CHAUSSEE DU;;;;100
200600053413;6;9;10;1257;1;1;1;1;1;1;783, PONT ROUT(CH DU);;;;130
200600053421;6;9;29;1315;1;2;1;1;6;1;1, MIRABEAU (COURS);;;;130
200600053431;6;9;25;1420;1;2;5;1;3;4;0, VERRERIE RUE DE LA;;;;130
200600053446;6;9;8;1010;1;2;6;1;3;47;NELSON MANDELA ROND POIN;;;;130
200600053471;6;9;4;1830;1;2;1;1;3;55;53, HAMBOURG (BOULEVARD);;;;130
200600053478;6;9;5;1615;1;2;1;1;6;55;8, JOBIN (RUE);;;;130
200600053513;6;9;9;1140;1;2;1;1;3;55;269, CORNICHE KENNEDY;;;;130
200600053549;6;9;11;840;1;2;1;1;3;55;32, SAINT MARCEL (BOULEV;;;;130
200600053570;6;9;11;1641;1;1;1;1;3;55;103, ROME (RUE DE);;;;130
200600053589;6;9;26;1350;1;2;1;1;2;55;ALEX. FLEMING (BOULEVARD;;;;130
200600053707;6;9;27;935;1;1;1;7;3;77;D 50;;;;130
200600053750;6;9;6;1640;1;2;2;1;2;299;172990303, POUZET BOULEV;;;;170
200600053758;6;9;5;2000;1;2;1;1;1;300;51, LECLERC   AVENUE DU;;;;170
200600053760;6;9;7;750;1;2;1;1;1;200;MOISY   AVENUE DU RECTEU;;;;170
200600053763;6;9;10;1540;1;2;1;1;2;300;118, NORMANDIN   RUE EMI;;;;170
200600053767;6;9;14;1725;1;2;3;1;3;300;12, LA FONTAINE   RUE;;;;170
200600053769;6;9;15;1650;1;2;1;2;7;300;55, LECLERC   AVENUE DU;;;;170
200600053778;6;9;27;800;1;2;3;1;3;300;001, SARTRE   AVENUE JEA;;;;170
200600053799;6;9;27;1615;1;2;1;1;6;415;65, NATIONAL 1 A 67 ET 2;;;;170
200600053816;6;9;12;720;2;2;2;1;3;31;CLEMENCEAU (BOULEVARD);;;;190
200600053836;6;9;4;720;1;2;1;1;6;231;7, EDGARD QUINET (RUE);;;;210
200600053843;6;9;11;1209;1;2;6;1;3;278;FAUBOURG ST NICOLAS (DU);;;;210
200600053859;6;9;22;1405;1;2;1;1;6;231;12, DAVOUT (RUE);;;;210
200600053866;6;9;26;2236;5;2;1;1;2;231;21, DIDEROT (RUE);;;;210
200600053876;6;9;20;1515;1;2;6;1;3;113;ARMOR (BOULEVARD D');;;;220
200600053905;6;9;4;1515;1;2;4;1;3;56;SANS, BRULARD  RUE GENER;;;;250
200600053922;6;9;23;1650;1;2;1;1;3;56;4A, ILE DE FRANCE AVENUE;;;;250
200600053946;6;9;30;1835;2;2;3;2;6;281;MAQUIS (AVENUE DU);;;;260
200600053948;6;9;2;1220;1;2;2;1;3;58;SANS N, TRIOLET RUE ELSA;;;;260
200600053960;6;9;18;1835;1;2;1;1;3;362;sans n, MIAS ALLEE RAYMO;;;;260
200600053968;6;9;26;715;1;2;4;1;6;362;PONT DU GAT RUE (302);;;;260
200600053983;6;9;26;1515;1;2;3;1;3;701;0, BLANCHE (CH. DE LA VO;;;;270
200600053984;6;9;27;1930;1;2;1;1;3;701;0, CLOS (VOIE DES);;;;270
200600053985;6;9;28;2045;5;2;1;1;6;681;SAINT LAZARE (RUE);;;;270
200600053987;6;9;10;450;3;2;1;1;6;588;NATIONALE 15 (ROUTE);;;;270
200600053995;6;9;26;1400;1;2;1;1;3;218;SANS, ROBILLARD (RUE);;;;280
200600054007;6;9;8;1959;1;2;3;1;3;19;JOINVILLE PRINCE DE;;;;290
200600054035;6;9;3;1815;1;2;2;1;3;189;., DE LATTRE DE TASSIGNY;;;;300
200600054090;6;9;21;1205;1;2;1;1;3;483;FRANCOIS MITTERAND ( AVE;;;;310
200600054108;6;9;4;1945;1;2;3;1;1;555;999, CHE DE LA FLAMBERE;;;;310
200600054110;6;9;5;1145;1;2;1;1;6;555;06, ALL FORAIN FRANCOIS;;;;310
200600054111;6;9;5;1555;1;2;1;1;3;555;20, BD LASCROSSES;;;;310
200600054112;6;9;6;819;1;2;1;1;6;555;13, GRANDE RUE SAINT MIC;;;;310
200600054114;6;9;6;1515;1;2;6;1;3;555;999, R-PT CHARLES FABRE;;;;310
200600054130;6;9;13;835;1;2;1;1;3;555;08, RUE LAGANNE;;;;310
200600054160;6;9;22;800;2;2;1;2;4;555;286, AV DE GRANDE BRETAG;;;;310
200600054171;6;9;26;1150;1;2;1;1;3;555;51, BD LASCROSSES;;;;310
200600054207;6;9;4;1200;1;2;1;1;3;63;373, CRS DE LA SOMME;;;;330
200600054209;6;9;6;650;1;2;3;1;3;63;RUE HONORE TESSIER;;;;330
200600054219;6;9;9;220;5;2;2;1;3;63;CRS DE L'YSER;;;;330
200600054220;6;9;8;1805;1;2;3;1;3;63;CRS DE L'YSER;;;;330
200600054231;6;9;12;1650;1;2;2;1;3;63;BD PIERRE 1ER;;;;330
200600054249;6;9;8;915;1;2;1;1;7;39;55, CRS VICTOR HUGO;;;;330
200600054261;6;9;21;820;1;2;2;1;3;63;RUE PAUL BERTHELOT;;;;330
200600054262;6;9;20;1900;1;2;2;1;2;63;RUE GENERAL DE LARMINAT;;;;330
200600054264;6;9;15;1830;1;2;2;1;3;39;RUE CHARLES LAMOUREUX;;;;330
200600054267;6;9;22;1420;1;2;1;1;3;63;134, CRS DE L'ARGONNE;;;;330
200600054284;6;9;25;1730;1;2;1;1;3;522;AVE DE L'UNIVERSITE;;;;330
200600054290;6;9;29;1630;1;2;1;1;3;63;116, QUAI DE LA SOUYS;;;;330
200600054298;6;9;27;935;1;2;9;7;3;243;127, VERDUN(AVENUE DE)(4;;;;330
200600054301;6;9;26;1430;1;2;1;6;2;3;MITTERRAND (K19 A O24;;;;340
200600054310;6;9;1;1515;1;1;1;1;6;336;NR, R.D 612;;;;340
200600054321;6;9;19;1057;1;2;3;1;3;32;NR, ALGER (RUE D');;;;340
200600054372;6;9;5;1000;1;2;1;1;3;238;33, PUITS JACOB (DU);;;;350
200600054391;6;9;20;1400;1;2;6;1;3;238;00, SAINT VINCENT (ROND;;;;350
200600054401;6;9;25;1825;1;2;3;1;3;238;00, ALBERT 1ER (BD);;;;350
200600054404;6;9;28;1320;1;2;2;1;3;238;00, COETLOGON (DE);;;;350
200600054417;6;9;4;1710;1;2;1;1;3;44;05, CHATELLERAULT (DE);;;;360
200600054420;6;9;8;2045;5;2;2;1;3;44;61, TRANQUILLES (DES PER;;;;360
200600054429;6;9;21;1745;1;2;3;1;3;44;MONTAIGNE;;;;360
200600054431;6;9;25;1710;1;2;6;1;3;44;1, BRENNE (ROND POINT DE;;;;360
200600054435;6;9;8;1705;1;2;1;1;6;261;33, GRAMMONT (AVENUE DE);;;;370
200600054441;6;9;26;1700;1;2;4;1;3;261;91, HEURTELOUP (BOULEVAR;;;;370
200600054446;6;9;30;1125;1;2;1;1;5;261;MONTJOYEUX (AVENUE);;;;370
200600054449;6;9;27;1515;1;2;1;1;6;261;67, RENARD (RUE GEORGES);;;;370
200600054451;6;9;1;30;5;2;1;1;6;185;5, JACOLIN (RUE S.);;;;380
200600054452;6;9;3;1235;1;2;9;1;6;151;1, COMBOIRE (RUE DE);;;;380
200600054461;6;9;10;1100;1;2;2;1;3;185;PERROT (AVENUE J.);;;;380
200600054468;6;9;15;1705;1;2;1;1;6;185;00, CONDE (RUE);;;;380
200600054469;6;9;15;1925;1;2;1;1;6;185;00, LIBERATION (COURS) S;;;;380
200600054471;6;9;16;1815;2;2;1;1;6;185;52, RANDON (AV. MAL);;;;380
200600054474;6;9;18;1730;1;2;2;1;3;185;POTERNE (CHEMIN DE LA);;;;380
200600054476;6;9;21;1340;1;2;2;1;3;185;JAURES (COURS J.);;;;380
200600054479;6;9;22;1520;1;2;3;1;3;421;SEPTEMBER (BOULEVARD D.);;;;380
200600054480;6;9;23;1700;1;2;2;1;3;185;0, ESMONIN (AVENUE ED.);;;;380