Num_Acc;an;mois;jour;hrmn;lum;agg;int;atm;col;com;adr;gps;lat;long;dep
200600054482;6;9;25;2025;1;2;1;1;3;421;31, PERI (AVENUE G.);;;;380
200600054483;6;9;27;1035;1;2;1;1;6;185;00, ROMANET (RUE E.);;;;380
200600054491;6;9;15;845;1;2;1;2;3;544;155, LAFAYETTE(RUE);;;;380
200600054497;6;9;4;1715;1;2;1;1;6;198;0, JUIN (AVENUE DU MAREC;;;;390
200600054501;6;9;13;1950;1;2;1;1;3;88;MONTFORT (ROUTE DE);;;;400
200600054521;6;9;29;1244;1;2;1;1;2;18;FOIX (QUAI DU);;;;410
200600054533;6;9;30;1210;1;2;1;1;2;316;1, JAURES (RUE JEAN);;;;420
200600054543;6;9;13;1640;1;2;6;1;3;184;20, SAINT-ROMAIN (RUE DE;;;;420
200600054559;6;9;11;1655;1;2;4;1;6;218;1, MIMARD ETIENNE JUSQU';;;;420
200600054572;6;9;22;800;1;2;3;1;3;218;JABOULAY EMILE;;;;420
200600054588;6;9;2;1105;1;2;1;1;6;55;1, DUBOIS ( BOULEVARD DU;;;;440
200600054590;6;9;13;1255;1;2;1;1;6;135;1, JEAN-JACQUES ( RUE );;;;440
200600054595;6;9;26;1055;1;2;1;1;6;135;1, LECLERC ( RUE DU MARÉ;;;;440
200600054599;6;9;4;1745;1;2;2;1;3;109;., PONT GENERAL DE LA MO;;;;440
200600054605;6;9;10;1510;1;2;1;1;3;109;BOULEVARD ALEXANDER FLEM;;;;440
200600054606;6;9;10;1755;1;2;1;1;7;109;24 BIS, RUE JEAN JULIEN;;;;440
200600054608;6;9;11;1025;1;2;6;1;3;109;00, RUE PAUL PAINLEVE;;;;440
200600054609;6;9;11;1535;1;2;1;2;6;109;49, RUE DESAIX;;;;440
200600054612;6;9;12;1700;1;2;2;1;3;109;BOULEVARD GUSTAVE ROCH;;;;440
200600054643;6;9;28;1445;1;1;3;1;6;109;102, BOULEVARD JULES VER;;;;440
200600054650;6;9;7;1000;1;2;1;1;3;184;OCÉANIS (ROND-POINT);;;;440
200600054699;6;9;9;1810;1;2;6;1;3;1;PONT DE PIERRE;;;;470
200600054729;6;9;11;1707;1;2;3;1;3;7;0, ESTIENNE D'ORVES BOUL;;;;490
200600054732;6;9;13;738;1;2;2;1;3;7;0, GUICHARD;;;;490
200600054737;6;9;14;1605;1;2;6;1;7;7;0, BORDIER JACQUES;;;;490
200600054746;6;9;20;817;1;2;1;1;3;353;127, BAHONNEAU BOULEVARD;;;;490
200600054749;6;9;20;1725;1;2;1;1;7;7;3, FOCH BOULEVARD;;;;490
200600054752;6;9;21;1021;1;2;1;1;7;7;0, BANCHAIS PASSAGE ET R;;;;490
200600054756;6;9;22;1949;2;2;1;1;3;7;0, RAMON BOULEVARD;;;;490
200600054763;6;9;25;1805;1;2;1;1;7;7;0, MONTAIGNE AVENUE;;;;490
200600054773;6;9;30;2300;5;2;1;2;6;7;0, ALLONNEAU(AUGUSTE) BO;;;;490
200600054775;6;9;29;803;1;2;3;1;3;7;125, GUICHARD;;;;490
200600054788;6;9;8;845;1;2;1;1;6;328;sans, THOUET (RIVES DU);;;;490
200600054820;6;9;24;1920;1;2;3;1;3;108;1, LYCEE (RUE DU);;;;510
200600054826;6;9;4;1230;1;2;1;1;6;454;ROCKFELER (RUE);;;;510
200600054830;6;9;6;1615;1;2;1;1;3;454;LECLERC (BOULEVARD DU GE;;;;510
200600054854;6;9;7;1600;1;2;3;1;3;130;1, 3 CROIX ( RUE DES );;;;530
200600054864;6;9;2;1140;1;2;2;1;3;304;EUROPE (AVENUE DE L');;;;540
200600054869;6;9;5;1845;1;2;2;1;3;184;1, BRIGACHTAL (AVENUE DE;;;;540
200600054880;6;9;12;1915;1;2;1;1;2;395;59, HAUSSONVILLE (BD D');;;;540
200600054883;6;9;13;1740;1;2;6;1;3;197;1, PASTEUR (RUE);;;;540
200600054887;6;9;15;1215;1;2;1;1;6;395;33, SIMON (RUE GUSTAVE);;;;540
200600054905;6;9;26;900;1;2;1;1;2;395;129, VINGTIEME CORPS (AV;;;;540
200600054915;6;9;30;2100;5;2;2;3;3;395;LIBERATION (AVENUE DE LA;;;;540
200600054922;6;9;13;1400;1;2;1;1;2;29;10, RESISTANCE ( RUE DE;;;;550
200600054931;6;9;4;1850;1;2;6;1;3;98;00, LENINE ( AV. );;;;560
200600054945;6;9;19;755;2;2;6;1;3;98;00, BILLOUX ( AV. FRANCO;;;;560
200600054947;6;9;21;1431;1;2;1;1;7;98;00, DE GAULLE ( AV. GENE;;;;560
200600054965;6;9;30;830;1;2;1;1;7;162;10, DUPUY DE LOME (RUE);;;;560
200600054968;6;9;13;1700;1;2;3;3;6;260;., DECKER(RUE FRANCIS);;;;560
200600054969;6;9;18;1750;1;2;2;1;3;260;., GUYOT JOMARD(RUE);;;;560
200600054975;6;9;7;710;2;2;1;1;6;260;84, AOUT 1944(RUE DU 4);;;;560
200600054977;6;9;11;1215;1;2;3;1;6;260;., RONARC'H(RUE DE L'AMI;;;;560
200600054982;6;9;27;1910;2;2;2;1;6;660;., PUITS STEPHANIE(RUE D;;;;570
200600054989;6;9;6;730;1;2;1;1;6;480;241, PONT A MOUSSON (RUE;;;;570
200600055020;6;9;26;1010;1;2;1;1;6;221;175, GRAND'RUE;;;;570
200600055047;6;9;1;1745;1;2;1;1;3;616;CABY (RUE MARCEL );;;;590
200600055058;6;9;7;930;1;2;1;1;2;155;35, BERGUES CD 916 - ROU;;;;590
200600055060;6;9;21;930;1;2;1;1;3;183;0.000, MAHIEU ALBERT;;;;590
200600055103;6;9;8;2110;5;2;1;1;6;368;63, REPUBLIQUE AVENUE DE;;;;590
200600055104;6;9;13;1350;1;2;1;1;3;378;001, MARNE AVENUE DE LA;;;;590
200600055106;6;9;14;1900;2;2;2;1;6;350;00, FRANCE ANTOLE RUE;;;;590
200600055109;6;9;14;1700;1;2;3;1;3;368;GARE RUE DE LA;;;;590
200600055113;6;9;18;835;1;2;3;1;6;350;157, FAIDHERBE RUE;;;;590
200600055119;6;9;13;1517;1;2;1;1;2;128;71, MAIRIE;;;;590
200600055133;6;9;26;900;1;2;1;1;6;368;52, DE GAULLE RUE DU GEN;;;;590
200600055136;6;9;28;1845;1;2;4;1;3;350;001, MATTEOTI RUE;;;;590
200600055145;6;9;4;1745;1;2;2;1;6;512;REIMS (BOULEVARD DE);;;;590
200600055165;6;9;28;1630;1;2;3;1;3;512;LANNOY (RUE DE );;;;590
200600055170;6;9;26;1310;1;2;2;1;3;512;LUXEMBOURG (RUE DU);;;;590
200600055178;6;9;15;1420;1;2;6;1;2;526;0.000, DE VALENCIENNES;;;;590
200600055184;6;9;10;1450;1;1;3;1;3;90;RN17, GAULLE (AVENUE DU;;;;590
200600055186;6;9;12;822;1;2;3;1;3;279;TRIEZ A CAILLOUX (RUE);;;;590
200600055191;6;9;21;1810;1;2;1;1;3;421;91, CARNOT (BLD)DE 30A46;;;;590
200600055195;6;9;27;1805;1;2;2;1;3;599;OMNIBUS (RUE DES);;;;590
200600055197;6;9;10;1820;1;2;3;1;6;112;533 B, JAURES (RUE JEAN);;;;590
200600055198;6;9;6;1630;1;2;3;1;3;484;CONDE (RUE DE);;;;590
200600055201;6;9;14;2350;3;2;1;1;2;606;DESANDROUIN (AV) - ST WA;;;;590
200600055214;6;9;26;740;1;2;2;1;6;447;THIERS (RUE DE);;;;590
200600055238;6;9;30;1710;1;2;6;1;3;41;0, BOCQUET FLOCHEL;;;;620
200600055268;6;9;11;1125;1;2;1;1;3;907;sans, LIBERATION(Rond po;;;;620
200600055276;6;9;27;1645;1;2;6;1;3;497;0, TOURAINE (R DE);;;;620
200600055295;6;9;5;1430;1;2;1;1;7;113;1, POINCARE (COURS RAYMO;;;;630
200600055303;6;9;9;1220;1;2;1;1;3;14;34, ROUSSILLON (AVENUE D;;;;630
200600055314;6;9;13;1810;1;2;1;1;2;113;CLAUDIUS (CHAUSSEE);;;;630
200600055321;6;9;16;1230;1;2;1;1;3;113;67, LAFAYETTE (BD);;;;630
200600055337;6;9;26;1055;1;2;1;1;3;113;1, GAGARINE (RUE YOURI);;;;630
200600055339;6;9;28;750;1;2;2;1;6;113;1, JOUHAUX (BD LEON);;;;630
200600055349;6;9;27;1415;1;2;2;1;3;164;1, GUESDE (RUE JULES);;;;630
200600055373;6;9;21;915;1;2;6;1;3;122;ROND POINT DE L EUROPE;;;;640
200600055380;6;9;4;1130;1;2;1;1;3;129;22, MONTILLEUL;;;;640
200600055387;6;9;15;1600;1;2;3;8;3;445;1, GASTON LACOSTE;;;;640
200600055393;6;9;20;2045;5;2;1;1;6;445;JEAN MERMOZ;;;;640
200600055395;6;9;21;1810;1;2;1;1;3;237;14, VALLEE HEUREUSE;;;;640
200600055397;6;9;25;1555;1;2;1;1;5;129;JEAN MERMOZ;;;;640
200600055398;6;9;26;1830;1;2;1;1;3;445;01, CONDORCET;;;;640
200600055399;6;9;25;740;2;2;9;2;3;445;1, JEAN MERMOZ;;;;640
200600055400;6;9;27;1725;1;2;1;1;3;129;1, CLAVERIE;;;;640
200600055403;6;9;29;1830;1;2;6;1;3;445;SOUVENIR FRANCAIS DU;;;;640
200600055405;6;9;5;855;1;2;1;1;3;189;RAVEL MAURICE (QUA)I;;;;640
200600055406;6;9;6;1655;1;2;1;1;3;483;CHANTACO (AVENUE DE );;;;640
200600055425;6;9;11;1855;1;2;1;1;2;440;25, FOULD (AVENUE);;;;650
200600055427;6;9;15;725;1;2;1;1;1;100;24, FONTAINE (RUE);;;;650
200600055428;6;9;15;1725;1;2;1;1;6;47;22, CEDRES (AVE DES);;;;650
200600055429;6;9;17;1735;1;2;1;1;7;100;., KLEBER (RUE PROLONGEE;;;;650
200600055435;6;9;7;1755;1;2;1;1;6;136;159, JOFFRE (AVENUE DU M;;;;660
200600055439;6;9;18;1600;1;2;1;1;2;136;41, AERODROME AVENUE DE;;;;660
200600055446;6;9;1;750;1;2;2;1;1;482;000, HOPITAL (ROUTE DE L;;;;670
200600055448;6;9;1;1506;1;2;4;1;3;482;PLAINE DES BOUCHERS (RUE;;;;670
200600055461;6;9;8;1755;1;2;3;1;6;482;00, SAINTE MARGUERITE (R;;;;670
200600055468;6;9;12;2200;5;2;3;1;3;482;SAINT GUILLAUME (PONT);;;;670
200600055469;6;9;13;1650;1;2;3;1;3;482;0, COLMAR (AVENUE DE);;;;670
200600055471;6;9;14;1650;1;2;1;1;6;482;01, PIERRE LARGE (RUE DE;;;;670
200600055474;6;9;15;1500;1;2;1;2;2;482;00, HAGUENAU (PLACE DE);;;;670
200600055486;6;9;22;1500;1;2;1;1;6;43;19, ROBERTSAU (RUE DE LA;;;;670
200600055488;6;9;23;750;1;2;6;1;3;204;STADE (RUE DU);;;;670
200600055490;6;9;26;900;1;2;1;2;3;482;00, SCHUTZENBERGER (AVEN;;;;670
200600055491;6;9;26;1830;1;2;3;1;3;482;00, GLACIERES (RUE DES);;;;670
200600055494;6;9;29;350;5;2;1;1;1;482;0, SAINT NICOLAS (QUAI);;;;670
200600055495;6;9;29;800;1;2;3;1;5;482;00, JEANNE D ARC (RUE);;;;670
200600055500;6;9;10;1550;1;2;9;1;3;66;STANISLAS (RUE);;;;680
200600055504;6;9;21;810;1;2;3;1;3;66;GRILLENBREIT (RUE DU);;;;680
200600055507;6;9;1;1455;1;2;3;1;3;224;HOFER (RUE JOSUE);;;;680
200600055510;6;9;5;1500;1;2;1;1;6;224;REPUBLIQUE (PLACE DE LA);;;;680
200600055513;6;9;5;1240;1;2;3;1;3;224;38, THANN (RUE DE);;;;680
200600055515;6;9;8;1750;1;2;2;1;3;224;15, MITTERRAND (AVENUE F;;;;680
200600055521;6;9;15;1151;1;2;2;1;6;224;115, SOULTZ (RUE DE);;;;680
200600055523;6;9;27;1340;1;2;1;1;3;224;96, ILLZACH (RUE D');;;;680
200600055531;6;9;13;1040;1;2;1;1;3;29;EMILE BOLLAERT;;;;690
200600055541;6;9;18;1859;1;2;1;1;3;142;JEAN JACQUES ROUSSEAU;;;;690
200600055544;6;9;4;810;1;2;1;1;6;259;0, CORBAS (DE);;;;690
200600055547;6;9;14;1430;1;2;1;1;6;29;0, PARC DE PARILLY;;;;690
200600055554;6;9;22;1645;1;2;2;1;3;259;GAMBETTA;;;;690
200600055582;6;9;1;1200;1;2;1;1;3;270;NRI, MALCUS (RUE DE);;;;710
200600055621;6;9;20;1630;1;2;2;1;6;181;QUERU COLONEL ENTRE ST-A;;;;720
200600055627;6;9;22;1830;1;2;1;1;3;181;FRESNAYE ROGER DE LA (RU;;;;720
200600055629;6;9;25;845;1;2;1;1;6;181;WILBUR WRIGHT (RUE);;;;720
200600055632;6;9;27;1715;1;2;1;1;6;181;MESSIAEN OLIVIER (AV) IM;;;;720
200600055636;6;9;29;1520;1;2;1;1;6;181;SABLE (RTE DE );;;;720
200600055639;6;9;29;2315;1;2;1;1;2;3;GAULLE CHARLES DE (AV);;;;720
200600055640;6;9;10;1025;1;2;1;1;3;8;FERRIE GENERAL RUE;;;;730
200600055641;6;9;23;1530;1;2;1;1;3;8;LAMARTINE CARREFOUR;;;;730
200600055642;6;9;28;1122;1;2;1;1;3;8;HOPITAUX CARREFOUR DES;;;;730
200600055645;6;9;29;1445;1;2;2;1;3;11;DE GAULLE (AV.) HUGO A J;;;;730
200600055646;6;9;4;1315;1;1;1;1;3;65;0.001, SAINT SATURNIN (R;;;;730
200600055647;6;9;7;935;1;2;3;1;3;65;0.001, LYON (AVENUE DE);;;;730
200600055649;6;9;21;733;1;2;3;1;3;65;0.001, RECLUS (FAUBOURG);;;;730
200600055663;6;9;7;1945;1;2;1;1;3;298;ERABLES (CHEMIN DES);;;;740
200600055666;6;9;20;1325;1;2;3;1;3;281;SENEVULAZ (AVENUE DE);;;;740
200600055672;6;9;4;1605;1;2;3;1;3;1;R DE L ORATOIRE R DE RIV;;;;750
200600055674;6;9;5;1215;1;2;2;1;2;8;PL FRANCOIS 1ER R FRANCO;;;;750
200600055684;6;9;1;1920;1;2;1;1;7;13;80 BD AUGUSTE BLANQUI;;;;750
200600055692;6;9;2;1030;1;2;1;1;3;19;26 R DE TANGER;;;;750
200600055696;6;9;2;1800;1;2;1;1;6;13;12 R DE LA GLACIERE;;;;750
200600055697;6;9;2;1855;1;2;2;1;3;13;QU DE LA GARE BD VINCENT;;;;750
200600055703;6;9;6;45;5;2;2;1;3;7;AV CHARLES FLOQUET AV GE;;;;750
200600055704;6;9;5;1210;1;2;2;1;3;12;RTE DE LA GERBE RTE TOUR;;;;750
200600055705;6;9;5;955;1;2;3;1;3;12;AV DAUMESNIL R MONTGALLE;;;;750
200600055715;6;9;3;1810;1;2;4;1;2;9;BD DES CAPUCINES R CHAUS;;;;750
200600055725;6;9;2;1600;1;2;2;1;6;15;PL ALFRED SAUVY ALL MARG;;;;750
200600055728;6;9;1;1435;1;2;2;1;3;11;R CHEMIN VERT BD RICHARD;;;;750
200600055729;6;9;1;900;1;2;2;1;2;11;R FAIDHERBE R DE MONTREU;;;;750
200600055745;6;9;4;1850;1;2;1;1;6;18;49 BD DE CLICHY;;;;750
200600055747;6;9;6;1225;1;2;3;1;7;12;R DU COLONEL OUDOT AV DA;;;;750
200600055750;6;9;6;950;1;2;2;1;3;13;AV D ITALIE R DE TOLBIAC;;;;750
200600055752;6;9;12;710;1;2;3;1;3;15;PL CAMBRONNE R CAMBRONNE;;;;750
200600055754;6;9;1;1400;1;2;1;1;2;16;L9465 RTE DES TRIBUNES;;;;750
200600055757;6;9;3;2010;5;2;1;1;6;8;4 R DES SAUSSAIES;;;;750
200600055764;6;9;5;1010;1;2;3;1;3;5;AV GEORGES BERNANOS AV O;;;;750
200600055770;6;9;6;920;1;2;1;1;7;16;116 AV DU PDT KENNEDY;;;;750
200600055775;6;9;7;2355;5;2;1;1;2;12;10 R DE REUILLY;;;;750
200600055776;6;9;7;1215;1;2;2;1;3;14;R D ALESIA R DES PLANTES;;;;750
200600055781;6;9;7;2140;5;2;1;1;7;17;33 R JACQUES IBERT;;;;750
200600055791;6;9;7;1350;1;2;1;1;6;6;9 QU MALAQUAIS;;;;750
200600055800;6;9;6;750;1;2;1;1;3;10;106 BD DE MAGENTA;;;;750
200600055805;6;9;7;852;1;2;4;1;3;10;R DE L AQUEDUC R LA FAYE;;;;750
200600055809;6;9;7;1130;1;2;1;1;6;18;68 BD BARBES;;;;750
200600055817;6;9;8;1135;1;2;2;1;6;18;BD NEY AV DE SAINT OUEN;;;;750
200600055844;6;9;7;1940;1;2;1;1;6;12;70 AV DAUMESNIL;;;;750
200600055908;6;9;12;750;1;2;1;1;2;12;12 AV LEDRU ROLLIN;;;;750
200600055909;6;9;12;1750;1;2;3;1;3;13;BD KELLERMANN R PR LOUIS;;;;750
200600055927;6;9;13;1710;1;2;2;1;3;16;ALL DE LONGCHAMP CAR DE;;;;750
200600055941;6;9;14;930;1;2;4;1;3;16;RTE DES MOULINS RTE DES;;;;750
200600055946;6;9;13;1137;1;2;2;1;3;17;AV DE CLICHY R SAUFFROY;;;;750
200600055949;6;9;14;1730;1;2;2;1;3;11;R AMELOT R SAINT SEBASTI;;;;750
200600055957;6;9;15;1840;1;2;2;8;3;11;R DE CHARONNE AV PHILIPP;;;;750
200600055965;6;9;16;1640;1;2;1;1;3;16;126 R DE LA TOUR;;;;750
200600055982;6;9;21;2100;5;2;4;1;7;17;R DES EPINETTES R JACQUE;;;;750
200600055990;6;9;22;845;1;2;2;1;3;8;CRS LA REINE AV W CHURCH;;;;750
200600056010;6;9;18;815;1;2;2;1;3;4;R DES ECOUFFES R DE RIVO;;;;750
200600056035;6;9;19;1735;1;2;2;1;3;19;AV JEAN JAURES PAS DE LA;;;;750
200600056044;6;9;16;1720;1;2;1;1;3;5;6 AV DES GOBELINS;;;;750
200600056047;6;9;18;1400;1;2;1;1;3;5;62 BD SAINT MICHEL;;;;750
200600056059;6;9;20;1945;5;2;1;1;6;3;78 BD DE SEBASTOPOL;;;;750
200600056069;6;9;21;1152;1;2;5;1;3;3;R DE BRETAGNE R DE TUREN;;;;750
200600056072;6;9;13;815;1;2;1;1;6;10;132 BD DE MAGENTA;;;;750
200600056075;6;9;15;1925;1;2;1;2;3;20;150 BD DE MENILMONTANT;;;;750
200600056076;6;9;15;640;5;2;3;1;3;10;R FG SAINT DENIS BD DE M;;;;750
200600056080;6;9;18;1844;1;2;1;1;3;12;266 R DE CHARENTON;;;;750
200600056081;6;9;18;1825;1;2;1;1;6;10;26 R PETITES ECURIES;;;;750
200600056085;6;9;19;1816;1;2;1;1;6;12;2 BD DIDEROT;;;;750
200600056091;6;9;20;1320;1;2;2;1;2;11;R R LENOIR BD VOLTAIRE;;;;750
200600056111;6;9;18;825;1;2;1;2;3;6;6 R GUYNEMER;;;;750
200600056112;6;9;18;1005;1;2;3;2;3;17;R DE TOCQUEVILLE AV DE V;;;;750
200600056136;6;9;22;1800;1;2;1;1;3;12;6  R VAN GOGH;;;;750
200600056140;6;9;22;950;1;2;2;1;3;15;R LECOURBE R VASCO DE GA;;;;750
200600056158;6;9;23;1215;1;2;3;1;3;8;PL DE LA CONCORDE R ROYA;;;;750
200600056174;6;9;24;1850;1;2;2;8;6;16;RTE DE LA SEINE A LA BUT;;;;750
200600056185;6;9;25;1650;1;2;2;1;4;5;R CARDINAL LEMOINE R MON;;;;750
200600056202;6;9;26;1420;1;2;1;1;6;15;13 BD GL MARTIAL VALIN;;;;750
200600056215;6;9;26;1915;1;2;1;1;2;16;L14585 RTE SEVRES A NEUI;;;;750
200600056221;6;9;27;1255;1;2;1;1;6;16;16 AV GEORGES MANDEL;;;;750
200600056226;6;9;27;1935;1;2;1;1;6;9;32 R N D DE LORETTE;;;;750
200600056240;6;9;28;1022;1;2;2;1;3;11;R J PIERRE TIMBAUD R DE;;;;750
200600056258;6;9;29;405;5;2;2;1;7;3;R DE BRETAGNE R DE TUREN;;;;750
200600056263;6;9;29;840;1;2;1;1;3;15;71 BD DE GRENELLE;;;;750
200600056289;6;9;22;1307;1;2;1;2;3;12;62 R DE BERCY;;;;750
200600056292;6;9;23;30;5;2;2;1;3;10;R LA FAYETTE BD DE MAGEN;;;;750
200600056295;6;9;27;750;1;2;2;1;7;10;BD DE LA CHAPELLE R FG S;;;;750
200600056299;6;9;28;1800;1;2;2;1;3;12;AV DAUMESNIL AV DE SAINT;;;;750
200600056301;6;9;28;855;1;2;3;1;3;20;R D AVRON R PLANCHAT;;;;750
200600056306;6;9;29;2050;5;2;2;1;3;14;BD EDGAR QUINET R LA GAI;;;;750
200600056315;6;9;29;1000;1;2;1;1;6;19;R DE CRIMEE;;;;750
200600056332;6;9;26;2030;5;2;2;1;3;18;R CHAMPIONNET AV DE SAIN;;;;750
200600056333;6;9;15;2030;5;2;1;1;3;9;10 R DE CHATEAUDUN;;;;750
200600056385;6;9;16;1850;1;2;2;1;3;20;BD DAVOUT R PAGANINI;;;;750
200600056388;6;9;26;820;1;2;2;1;3;9;BD DES CAPUCINES PL DE L;;;;750
200600056390;6;9;21;2000;5;2;3;1;3;10;R LEON JOUHAUX QU DE VAL;;;;750
200600056395;6;9;16;1235;1;2;3;8;3;14;R D ALESIA R DECRES;;;;750
200600056425;6;9;7;1745;1;2;1;1;7;540;1, SAINT JULIEN. RUE;;;;760
200600056439;6;9;17;1720;1;2;1;1;7;540;1, GENEVE. RUE DE;;;;760
200600056445;6;9;21;1950;1;2;1;1;5;575;CANADIENS. AVENUE DES;;;;760
200600056461;6;9;23;1530;1;1;1;1;3;307;54, DEPARTEMENTALE 231 (;;;;770
200600056494;6;9;11;2200;5;2;3;1;3;445;, MENDES-FRANCE (AVENUE;;;;770
200600056496;6;9;27;1830;1;2;1;1;3;288;16, SAINT BARTHELEMY (RU;;;;770
200600056508;6;9;3;1620;1;2;3;1;1;122;VIGNES(RUE DES);;;;770
200600056518;6;9;8;1720;1;2;1;1;1;350;AUGUSTE HUDIER (RUE);;;;770
200600056546;6;9;11;1300;1;2;1;1;6;423;DESCARTES (BOULEVARD);;;;780
200600056580;6;9;12;845;1;2;1;1;3;551;12, TEMARA;;;;780
200600056597;6;9;6;1440;1;2;1;1;3;640;LOUIS BREGUET (AVENUE);;;;780
200600056598;6;9;8;1815;1;2;6;1;3;640;JUMELAGE (CARREFOUR DU);;;;780
200600056599;6;9;9;1300;1;2;6;1;3;640;JUMELAGE (CARREFOUR DU);;;;780
200600056613;6;9;18;1505;1;2;2;1;3;646;Néant, ETANG (RUE DE L');;;;780
200600056614;6;9;21;1500;1;2;3;1;2;646;SCEAUX (AVENUE DE);;;;780
200600056619;6;9;5;1000;1;2;1;1;3;191;12, BRISSON;;;;790
200600056631;6;9;5;1657;1;2;2;1;3;21;0, FRANCS MURIERS (RUE D;;;;800
200600056639;6;9;14;1705;1;2;1;1;3;261;AMIENS (ROUTE D');;;;800
200600056640;6;9;15;1130;1;2;1;1;6;21;106, JULES BARNI (RUE);;;;800
200600056642;6;9;15;2055;2;2;2;1;3;21;0, VOGEL (PLACE);;;;800
200600056644;6;9;20;830;1;2;1;1;2;21;38, SAINT QUENTIN (BOULE;;;;800
200600056650;6;9;23;840;1;2;1;1;3;21;0, BATONNIER MAHIU (RUE;;;;800
200600056664;6;9;6;1428;1;2;1;1;1;65;115, LAVAUR RD 112 (AVEN;;;;810
200600056686;6;9;29;2055;3;1;1;3;3;121;0, VITARELLE (ROUTE DE L;;;;820
200600056694;6;9;20;830;1;2;1;1;3;61;0, RUE DES COMBATTANTS D;;;;830
200600056699;6;9;11;1200;1;2;1;1;6;118;0, BOULEVARD DE LA PLAGE;;;;830
200600056706;6;9;6;1145;1;2;1;1;2;123;134, TOULON (ANCIEN CHEM;;;;830
200600056713;6;9;6;1825;1;2;1;1;3;126;CD63;;;;830
200600056724;6;9;4;2145;5;2;2;1;3;137;DAUMAS (RUE AUGUSTIN);;;;830
200600056731;6;9;10;1005;1;2;6;1;6;137;0, 9EME D.I.C. (ROND POI;;;;830
200600056733;6;9;13;830;1;2;1;1;6;137;29, STRASBOURG (BD DE );;;;830
200600056750;6;9;26;1030;1;2;3;1;3;98;LE LEAP (AVENUE ALAIN);;;;830
200600056787;6;9;8;1010;1;1;1;1;3;35;000, SAINTE ANNE (CARREF;;;;840
200600056793;6;9;14;1035;1;2;1;1;3;35;000, JOFFRE (AVENUE DU M;;;;840
200600056814;6;9;4;1520;1;2;9;1;2;194;LATTRE DE TASSIGNY (BOUL;;;;850
200600056826;6;9;14;1315;1;2;6;2;3;194;RECTEUR PINEAU (AVENUE D;;;;860
200600056840;6;9;26;1625;1;2;1;1;6;194;12, CONCORDE (BOULEVARD;;;;860
200600056881;6;9;19;803;1;2;1;1;6;85;4, QUINET (RUE EDGAR);;;;870
200600056899;6;9;7;1015;1;2;1;7;3;383;28, Route de Bussang;;;;880
200600056910;6;9;5;805;1;2;1;1;3;99;DE GAULLE (RUE DU GENERA;;;;900
200600056933;6;9;11;1230;1;2;6;1;6;174;0, LEON CASSE(PLACE);;;;910
200600056960;6;9;15;1530;1;2;1;1;6;687;000, RN 445;;;;910
200600056985;6;9;20;1650;1;2;1;1;5;471;22, ARCHANGE (RUE);;;;910
200600056986;6;9;23;1140;1;2;1;1;6;471;111, PARIS (RUE DE);;;;910
200600056996;6;9;19;1310;1;2;2;9;3;589;LONGJUMEAU (AVENUE DE);;;;910
200600057000;6;9;16;1545;1;2;1;1;6;2;AUGUSTE MOUNIE (RUE);;;;920
200600057023;6;9;11;1740;1;2;1;1;6;12;28, TILLEULS (RUE DES) 1;;;;920
200600057039;6;9;24;1230;1;2;1;1;6;71;Avenue Paul LANGEVIN;;;;920
200600057057;6;9;18;1740;1;2;1;1;6;25;DESMOND DUPONT (RUE);;;;920
200600057079;6;9;30;1500;1;2;1;1;2;35;face au 74, République (;;;;920
200600057083;6;9;10;1720;1;2;1;1;3;36;37, VICTOR HUGO (RUE) (1;;;;920
200600057084;6;9;13;805;2;2;1;1;3;36;125, LOUIS ROCHE (AVENUE;;;;920
200600057089;6;9;18;2015;5;2;9;1;3;40;63, RODIN (BOULEVARD);;;;920
200600057091;6;9;29;830;1;2;6;1;3;40;VICTOR HUGO (ROND-POINT);;;;920
200600057102;6;9;2;1400;1;2;6;1;3;48;., MAL DE LATTRE DE TASS;;;;920
200600057106;6;9;15;835;1;2;1;1;3;48;28, JEAN JAURES (AVENUE);;;;920
200600057117;6;9;21;920;1;2;9;1;3;20;17, PERROTIN RUE;;;;920
200600057118;6;9;21;1920;1;2;9;1;3;49;183, BROSSOLETTE AVENUE;;;;920
200600057125;6;9;15;1335;1;2;1;1;6;50;DIX NEUF MARS 1962 RUE D;;;;920
200600057126;6;9;21;1635;1;2;3;1;3;50;JOILIOT CURIE F. ET IREN;;;;920
200600057127;6;9;23;1135;1;2;1;1;7;50;287, VAILLANT COUTURIER;;;;920
200600057157;6;9;9;1710;1;2;1;1;3;33;53, HENRI REGNAULT;;;;920
200600057164;6;9;10;1230;1;2;1;1;6;72;10, PERI (PLACE GABRIEL);;;;920
200600057173;6;9;10;1420;1;2;4;1;3;46;-, Charles de gaulle;;;;920
200600057177;6;9;28;1350;1;2;6;1;3;75;DE L'INSURRECTION;;;;920
200600057238;6;9;4;1620;1;2;3;1;3;27;24, CONVENTION (RUE DE L;;;;930
200600057250;6;9;13;945;1;2;3;1;3;29;1, THERESE;;;;930