Num_Acc;an;mois;jour;hrmn;lum;agg;int;atm;col;com;adr;gps;lat;long;dep
200600057257;6;9;26;710;5;2;2;1;3;29;SADI CARNOT;;;;930
200600057262;6;9;20;1825;1;2;1;1;6;31;57, GALLIENI (AVENUE);;;;930
200600057267;6;9;22;1745;1;2;1;8;2;32;39, MONTGUICHET  (CHEMIN;;;;930
200600057272;6;9;12;840;1;2;3;7;3;61;26, DANTON RUE;;;;930
200600057284;6;9;16;2255;3;2;2;1;3;46;RICHELIEU ALLEE;;;;930
200600057292;6;9;6;1800;1;2;1;1;2;48;1 TER, PAUL SIGNAC (AVEN;;;;930
200600057318;6;9;16;1735;1;2;1;1;3;53;ROSNY (AVENUE DE) N° 53;;;;930
200600057322;6;9;3;1610;1;2;4;8;3;55;82, GENERAL LECLERC(AVE;;;;930
200600057337;6;9;30;1300;1;2;1;1;6;14;MAURICE AUDIN (ALLEE)  S;;;;930
200600057343;6;9;14;1010;1;2;1;1;3;77;158, GRANDE RUE  18 / FI;;;;930
200600057359;6;9;28;1805;1;2;3;1;2;39;20, MECHIN;;;;930
200600057389;6;9;2;1445;1;2;1;1;2;71;51, FOSSE ROUGE (R DE LA;;;;940
200600057400;6;9;1;1700;1;2;2;1;3;17;MAURICE THOREZ (AV);;;;940
200600057422;6;9;27;1925;1;2;1;1;6;54;BUFFON (R);;;;940
200600057439;6;9;29;1400;1;2;1;1;1;28;96, SAVAR.(RUE JULIETTE);;;;940
200600057465;6;9;5;1825;1;2;1;1;2;21;BOULEVARD CIRCULAIRE;;;;940
200600057495;6;9;27;1605;1;2;1;1;3;52;CHARLES DE GAULLE (GRAND;;;;940
200600057506;6;9;16;1650;1;2;1;1;3;77;GEORGES HERVIER (R);;;;940
200600057532;6;9;12;1545;1;2;6;1;3;18;BELIN (RUE AG);;;;950
200600057543;6;9;21;1920;1;2;2;1;3;582;DAMIETTE (AVENUE);;;;950
200600057559;6;9;8;1715;1;2;1;9;7;598;RD 144, MONTMORENCY   RU;;;;950
200600057573;6;9;19;1105;1;2;1;1;6;19;GIRONDE (RUE DE LA);;;;950
200600057578;6;9;22;1705;1;2;1;1;7;306;357, CONFLANS (ROUTE DE);;;;950
200600057580;6;9;25;1820;1;2;1;1;7;306;45, MARNE (RUE DE LA);;;;950
200600057581;6;9;26;1620;1;2;1;1;6;306;0, CONFLANS (ROUTE DE);;;;950
200600057936;6;9;4;1615;1;2;1;1;2;386;56, GARIBALDI;;;;690
200600057946;6;9;20;2030;5;2;3;1;1;383;ALBERT THOMAS;;;;690
200600058037;6;9;11;2110;5;2;3;1;3;387;BERTHELOT;;;;690
200600058039;6;9;14;1825;1;2;3;1;3;387;GAMBETTA;;;;690
200600058040;6;9;18;740;1;2;1;1;6;387;42-44, MARSEILLE (DE);;;;690
200600058042;6;9;19;2120;5;2;1;1;2;387;31, GUILLOTIERE (DE LA);;;;690
200600058044;6;9;22;110;5;2;2;6;3;387;JEAN JAURES;;;;690
200600058102;6;9;23;1850;5;2;1;1;6;389;15, MARIETTON;;;;690
200600058158;6;9;3;1213;1;2;3;1;3;172;TRIOLET (RUE DU);;;;340
200600058159;6;9;5;1700;1;2;1;1;3;172;236, LODEVE (AVENUE DE;;;;340
200600058164;6;9;8;1;5;2;1;1;2;172;LA BLOTTIERE (RUE);;;;340
200600058168;6;9;12;1730;1;2;1;1;2;172;BROUSSONNET (RUE AUGUSTE;;;;340
200600058186;6;10;7;1800;1;1;1;1;3;52;Rue des sautés;M;5051200.0;289300.0;590
200600058201;6;10;27;1630;1;2;1;1;1;546;CD 916;M;5078100.0;255400.0;590
200600058213;6;10;6;1645;1;2;1;1;1;631;;M;5007300.0;333700.0;590
200600058232;6;10;7;1545;1;2;1;1;3;57;523 route d'ostove;M;0.0;0.0;620
200600058234;6;10;1;1000;1;2;1;1;3;36;CD70;M;0.0;0.0;620
200600058238;6;10;26;2215;1;1;1;1;1;107;;M;0.0;0.0;800
200600058255;6;10;24;2115;3;1;2;1;3;177;;M;4990600.0;300600.0;800
200600058270;6;10;13;1230;1;2;1;1;1;498;rue des charretiers;M;4953900.0;383200.0;20
200600058280;6;10;1;1215;1;2;3;1;1;682;route de BRAINE;M;0.0;0.0;20
200600058292;6;10;27;1500;1;2;1;1;1;143;rue d'enencourt;M;0.0;0.0;600
200600058304;6;10;12;1115;1;2;1;2;1;167;;M;0.0;0.0;600
200600058338;6;10;17;1640;1;2;1;1;1;462;route de Londinières;M;0.0;0.0;760
200600058339;6;10;1;1615;1;1;1;1;1;35;;M;4979300.0;175000.0;760
200600058351;6;10;13;1630;1;1;1;1;1;315;CD268;M;0.0;0.0;760
200600058371;6;10;12;1600;1;2;1;1;1;3;126 route de Pacy;M;0.0;0.0;270
200600058372;6;10;13;1530;1;2;9;1;3;150;côte du froc de launay C;M;0.0;0.0;270
200600058379;6;10;14;1900;1;2;1;1;3;458;RUE DU BOSC;M;0.0;0.0;270
200600058446;6;10;28;1600;1;1;1;1;2;55;;M;4855700.0;-434400.0;290
200600058465;6;10;21;1145;1;1;1;2;1;156;;M;0.0;0.0;560
200600058474;6;10;31;1730;1;1;1;1;3;547;;M;0.0;0.0;140
200600058476;6;10;8;1000;1;1;1;1;2;422;;M;0.0;0.0;140
200600058481;6;10;19;1000;1;2;1;1;3;575;intersection des CD 58 e;M;0.0;0.0;140
200600058492;6;10;9;1245;1;1;1;1;1;196;;M;4969800.0;-127600.0;500
200600058532;6;10;21;1230;1;2;3;3;1;110;impasse du parc;M;0.0;0.0;440
200600058541;6;10;30;1045;1;1;1;1;3;47;;M;4724000.0;-170100.0;440
200600058545;6;10;20;1115;1;2;1;2;2;52;ROND POIT DE LA GARE;M;4732800.0;-208000.0;440
200600058569;6;10;17;1745;1;2;1;1;1;368;RUE DE JALESNES;M;0.0;0.0;490
200600058587;6;10;30;1830;3;1;1;1;2;271;;M;0.0;0.0;530
200600058624;6;10;25;1730;1;2;1;1;2;222;CD 38 Bis;M;0.0;0.0;850
200600058672;6;10;14;1545;1;2;1;1;3;294;Rue Voltaire;M;0.0;0.0;240
200600058702;6;10;10;1915;5;2;1;1;1;310;41 cours de Verdun;M;0.0;0.0;470
200600058742;6;10;31;1215;1;2;9;1;3;8;ALE, LIEU DIT LES MARAIS;M;0.0;0.0;160
200600058786;6;10;25;1415;1;1;1;1;5;21;;M;4577500.0;122100.0;870
200600058824;6;10;13;1805;1;2;1;1;5;33;22  Avenue de Toulouse;M;4335700.0;147000.0;310
200600058831;6;10;15;1530;1;1;1;1;3;13;;M;4308000.0;63500.0;310
200600058834;6;10;30;1715;1;2;1;1;1;144;Rue de Bellevue;M;4292000.0;63000.0;310
200600058879;6;10;6;1645;1;1;1;1;1;233;;M;4352600.0;14800.0;320
200600058927;6;10;10;1115;1;2;9;1;1;286;69 route de Geneve;M;0.0;0.0;690
200600058928;6;10;11;1230;1;2;1;1;6;286;23 avenue des Nations;M;0.0;0.0;690
200600058932;6;10;5;700;2;2;6;9;1;288;rue victor broizat;M;4568700.0;503700.0;690
200600058940;6;10;28;1815;1;2;1;1;3;283;Rue Pasteur;M;0.0;0.0;690
200600058973;6;10;17;910;1;1;2;7;3;229;our VC214 et CD28 Guelin;M;0.0;0.0;10
200600059008;6;10;17;1200;1;2;1;1;3;324;;M;4506900.0;483800.0;70
200600059029;6;10;20;1730;1;2;1;1;7;150;Route de Grenoble;M;0.0;0.0;380
200600059034;6;10;12;1245;1;1;1;1;2;303;LE NAN;M;4529400.0;594000.0;380
200600059036;6;10;12;945;1;1;1;1;6;545;Chemin de Champrond;M;0.0;0.0;380
200600059085;6;10;13;1600;1;1;1;1;1;43;;M;4557800.0;432000.0;420
200600059091;6;10;19;745;4;1;1;1;1;284;e industrielle Le Temple;M;0.0;0.0;420
200600059106;6;10;26;1610;1;2;9;1;1;242;e Sales - piste cyclable;M;0.0;0.0;740
200600059113;6;10;22;1800;1;2;4;1;1;42;du Borne et Rue Berlioz;M;0.0;0.0;740
200600059114;6;10;8;1645;1;2;9;7;3;920;place  du Tour;M;4600700.0;694800.0;740
200600059116;6;10;28;1030;1;2;1;1;1;236;route de geneve, le faye;M;0.0;0.0;740
200600059131;6;10;29;1500;1;1;1;1;3;345;SENS CHARADE - THEDDES;M;0.0;0.0;630
200600059143;6;10;30;1115;1;2;1;1;1;412;le bourg;M;4539600.0;87200.0;630
200600059164;6;10;23;1445;1;1;1;1;1;200;;M;4656000.0;328700.0;30
200600059187;6;10;22;945;1;1;1;1;6;187;;M;4504800.0;308400.0;150
200600059189;6;10;21;1115;1;2;1;1;3;124;LE Bourg;M;0.0;0.0;430
200600059194;6;10;16;1430;1;1;1;1;3;176;;M;4499300.0;369800.0;430
200600059203;6;10;14;1115;1;2;1;1;3;130;La Costette;M;4505900.0;424700.0;430
200600059204;6;10;18;910;1;1;1;1;7;244;Les Flourdon;M;0.0;0.0;430
200600059208;6;10;17;715;2;1;1;1;1;184;;M;4904900.0;605600.0;570
200600059209;6;10;26;1500;1;1;1;1;1;515;CD 12 PK 3+400;M;4904800.0;602600.0;570
200600059243;6;10;27;1745;1;1;1;1;2;27;;M;4889200.0;612300.0;540
200600059257;6;10;27;1730;1;2;1;3;1;11;rue Vauban;M;0.0;0.0;540
200600059265;6;10;11;1530;1;2;1;1;3;7;16 GRANDE RUE;M;0.0;0.0;550
200600059304;6;10;2;1845;2;2;3;5;3;282;RN 420;M;4862400.0;750100.0;670
200600059355;6;10;10;1600;1;2;1;1;1;154;AVE HOLLAND-SUISSE;M;0.0;0.0;680
200600059395;6;10;25;1530;1;2;1;1;3;359;52 route de CHAMOY;M;0.0;0.0;100
200600059443;6;10;24;730;2;2;1;1;3;543;4 avenue Pasteur;M;0.0;0.0;710
200600059447;6;10;25;1510;1;2;1;1;1;292;rue du moulin;M;0.0;0.0;710
200600059480;6;10;27;1830;1;2;1;1;3;197;13 rue de la brêche;M;0.0;0.0;890
200600059495;6;10;13;1215;1;1;1;1;7;545;;M;0.0;0.0;250
200600059502;6;10;16;1645;1;1;1;1;3;493;;M;0.0;0.0;250
200600059532;6;10;23;2045;5;2;1;2;2;41;;M;4344300.0;546600.0;130
200600059590;6;10;27;1900;4;2;1;1;1;77;D2566 / Avenue des Plans;M;0.0;0.0;60
200600059605;6;10;25;1125;1;1;1;1;1;65;route de la baronne;M;0.0;0.0;60
200600059610;6;10;6;1530;1;2;1;1;6;905;RD6204;M;0.0;0.0;60
200600059626;6;10;16;930;1;2;3;1;3;140;Chemin des pédingles;M;4340100.0;591800.0;830
200600059649;6;10;6;915;1;2;3;1;3;130;Géneral Magnan;M;0.0;0.0;830
200600059666;6;10;5;1830;1;2;1;1;1;19;avenue emile LACHAUX;M;0.0;0.0;840
200600059669;6;10;9;750;1;1;6;1;2;57;Rond point;M;0.0;0.0;340
200600059672;6;10;3;1700;1;2;1;7;3;344;Allée des parcs;M;4356700.0;408400.0;340
200600059695;6;10;29;930;1;1;1;1;7;168;;M;4355200.0;328700.0;340
200600059714;6;10;14;1140;1;2;1;1;1;206;rue Pont de France;M;0.0;0.0;110
200600059716;6;10;16;930;1;2;2;1;5;206;route de CARCASSONNE;M;0.0;0.0;110
200600059736;6;10;7;1400;1;1;1;1;2;10;;M;4404300.0;398800.0;300
200600059773;6;10;19;1945;3;1;1;1;2;173;;M;0.0;0.0;660
200600059774;6;10;30;1050;1;2;1;1;1;14;ublique Chateau les pins;M;0.0;0.0;660
200600059782;6;10;27;1415;1;1;1;1;2;230;;M;4265300.0;252900.0;660
200600059794;6;10;16;810;1;1;1;1;2;123;lieu dit Ancatorta;M;0.0;0.0;202
200600059811;6;10;10;1450;1;1;1;1;1;148;CD 148;M;0.0;0.0;910
200600059818;6;10;18;745;2;2;1;8;1;272;nd-point des 3 avenants;M;0.0;0.0;910
200600059830;6;10;18;915;1;2;1;1;7;240;35 rue de la poterne;M;4879700.0;327500.0;770
200600059904;6;10;25;1515;1;1;1;1;1;423;section avec le CD 116-5;M;0.0;0.0;280
200600059906;6;10;27;1045;1;2;1;1;2;88;rue de Jallans;M;4807500.0;133700.0;280
200600059951;6;10;14;1615;1;2;1;1;1;149;rue Saint Laurent;M;4775600.0;86300.0;410
200600059953;6;10;13;1700;1;2;2;1;1;171;route de VENDOME;M;4782500.0;129300.0;410
200600059954;6;10;13;745;2;2;1;1;3;243;Trois tilleuls;M;4776200.0;119300.0;410
200600059955;6;10;28;1615;1;1;6;1;1;233;;M;0.0;0.0;290
200600059966;6;10;4;1800;1;2;1;1;3;300;rue des vannes;M;0.0;0.0;580
200600059969;6;10;6;1415;1;1;1;1;3;40;;M;0.0;0.0;130
200600060047;6;10;29;1440;1;2;2;1;3;106;route du Rhin;M;0.0;0.0;670
200600060117;6;10;1;1445;1;2;1;1;1;645;RUE SCHUMAN;M;5097000.0;203000.0;620
200600060139;6;10;22;1800;2;2;1;1;3;49;route d'entzheim;M;0.0;0.0;670
200600060149;6;10;6;715;2;1;1;2;1;206;CD 482, ZA DU HILL;M;0.0;0.0;350
200600060213;6;10;9;735;1;2;9;1;2;53;snr, EST ( RUE DE L' );;;;10
200600060216;6;10;30;1740;1;2;6;1;3;53;RD POINT, STAND ( RUE DU;;;;10
200600060217;6;10;31;755;1;2;1;1;6;289;26, EUROPE (RUE DE L');;;;10
200600060223;6;10;20;1730;1;2;1;1;6;691;135, ISLE (RUE D');;;;20
200600060241;6;10;16;1110;1;2;6;1;3;23;BOUSSANGES (ROND POINT D;;;;30
200600060244;6;10;18;1210;1;2;3;1;5;95;PROVENCE (RUE DE);;;;30
200600060259;6;10;3;1700;1;2;1;1;6;4;45, CHANCEL BD;;;;60
200600060264;6;10;23;740;1;2;1;2;4;4;LITTORAL(BDM APRES BIJOU;;;;60
200600060336;6;10;17;1815;1;2;1;1;3;69;x, MAS (CHEMIN DES);;;;60
200600060351;6;10;2;900;1;2;2;1;3;88;0, FOCH (AV. MARECHAL);;;;60
200600060366;6;10;4;1801;1;2;1;1;3;88;0, HERRIOT (BD EDOUARD);;;;60
200600060371;6;10;5;1030;1;2;1;1;3;88;6, TZAREWITCH (BD DU);;;;60
200600060379;6;10;7;1150;1;2;1;1;6;88;141, GAMBETTA (A PARTIR;;;;60
200600060403;6;10;12;1730;1;2;3;1;3;88;0, THIERS (AV.);;;;60
200600060423;6;10;17;1345;1;2;2;1;3;88;, RISSO (BD);;;;60
200600060435;6;10;18;650;4;2;2;1;3;88;16, GAMBETTA (JUSQU'AU N;;;;60
200600060450;6;10;20;700;5;2;1;2;2;88;05, DESAMBROIS (AV.);;;;60
200600060524;6;10;20;2015;5;2;1;1;1;225;0, VILLENEUVE ROUTE DE;;;;90
200600060530;6;10;15;1855;5;2;1;1;3;387;000, CHAMPS DE LA LOGE (;;;;100
200600060559;6;10;23;2000;5;2;1;3;3;1;6, FERRY JULES (AV);;;;130
200600060571;6;10;25;1530;1;2;6;1;3;4;ROND-POINT MARIE-MADELEI;;;;130
200600060587;6;10;13;1622;1;2;1;1;2;54;3, REPUBLIQUE  PL DE LA;;;;130
200600060652;6;10;9;1745;1;2;1;1;2;55;JEAN MOULIN (BOULEVARD);;;;130
200600060768;6;10;2;735;1;2;3;1;3;55;FRIEDLAND (RUE);;;;130
200600060771;6;10;27;1830;2;2;4;1;3;55;00, SAINTE BARBE (RUE);;;;130
200600060793;6;10;29;1231;1;2;2;1;3;55;, HOPKINSON (BOULEVARD);;;;130
200600060832;6;10;25;1350;1;2;1;1;3;55;MIREILLE (RUE);;;;130
200600060839;6;10;12;1345;1;2;1;1;6;55;11, GAROUTTE (BOULEVARD);;;;130
200600060881;6;10;21;945;1;2;1;1;2;117;INDOCHINE( ROND POINT);;;;130
200600060903;6;10;20;1220;1;2;1;1;3;225;SALVADOR ALLENDE (RUE);;;;140
200600060938;6;10;12;1740;1;2;1;1;2;300;1, VERHAEREN   RUE EMILE;;;;170
200600060947;6;10;20;1310;1;2;2;1;3;28;2, COMBES   RUE EMILE;;;;170
200600060951;6;10;26;1455;1;2;1;2;3;300;JUSTICES   RUE DU MOULIN;;;;170
200600060958;6;10;31;1705;1;2;1;1;3;300;15, CARNOT   AVENUE;;;;170
200600060962;6;10;5;845;1;2;2;2;3;415;53, GARNIER RUE;;;;170
200600060983;6;10;2;1925;1;2;1;1;6;31;43, TOULZAC (RUE JEAN BA;;;;190
200600061005;6;10;2;1635;1;2;1;1;2;231;52, AUXONNE (D') (RUE);;;;210
200600061009;6;10;11;738;2;2;2;5;3;231;CORVEE (DE LA) (RUE);;;;210
200600061011;6;10;11;1005;1;2;3;1;3;231;MARC SEGUIN (RUE);;;;210
200600061018;6;10;13;1400;1;2;2;1;3;231;GABRIEL (BOULEVARD);;;;210
200600061019;6;10;17;1542;1;2;3;1;2;231;CHAMPOLLION (AVENUE);;;;210
200600061025;6;10;19;1602;1;2;2;2;3;231;9, PETIT CITEAUX (DU) (R;;;;210
200600061029;6;10;25;1353;1;2;2;1;3;231;LECOULTEUX (RUE);;;;210
200600061040;6;10;20;1740;1;2;3;1;3;113;POULDIGUY (RUE DE);;;;220
200600061049;6;10;25;1725;1;1;1;1;5;215;0, D 45;;;;220
200600061071;6;10;4;2110;5;2;1;1;3;56;FAURE AVENUE EDGAR;;;;250
200600061073;6;10;5;950;1;2;1;1;3;56;11, BELFORT RUE DE <144;;;;250
200600061080;6;10;13;950;1;2;1;1;2;56;32, GRANGES RUE DES > 26;;;;250
200600061084;6;10;18;1430;1;2;1;1;2;56;11, OBSERVATOIRE AVENUE;;;;250
200600061094;6;10;27;1800;1;2;1;1;2;56;SANS, PIEMONT RUE DU;;;;250
200600061114;6;10;14;1830;1;2;3;1;6;57;NEANT, REPUBLIQUE (RUE D;;;;260
200600061118;6;10;24;640;3;1;3;1;3;281;RD N°532 (DIRECTION TAIN;;;;260
200600061123;6;10;7;1755;1;1;6;1;3;362;sans n, PAPIN RUE DENIS;;;;260
200600061162;6;10;8;1330;1;2;1;1;3;134;ORIELS (RUE DES);;;;280
200600061166;6;10;15;1915;2;2;3;1;3;134;EUROPE (BOULEVARD DE L');;;;280
200600061229;6;10;20;700;3;2;1;1;2;32;JEAN MONNET;;;;300
200600061232;6;10;2;1056;1;2;1;8;6;189;52, BEAUCAIRE (RUE);;;;300
200600061277;6;10;29;1445;1;2;1;1;6;189;..., BEAUCAIRE (ROUTE);;;;300
200600061292;6;10;4;1445;1;2;1;2;3;69;41, CORNEBARRIEU (AV DE);;;;310
200600061299;6;10;13;1150;1;2;1;1;3;149;1, PIBRAC (BOULEVARD DE);;;;310
200600061301;6;10;30;1635;1;2;3;1;3;149;999, FENASSIERS (ALLEE D;;;;310
200600061307;6;10;2;1500;1;2;1;1;3;555;999, RUE DE LA REPUBLIQU;;;;310
200600061341;6;10;12;740;2;2;2;2;3;555;80, AV FREDERIC ESTEBE;;;;310
200600061345;6;10;13;1920;2;2;9;1;3;555;999, RPT MARCEL ACHARD;;;;310
200600061346;6;10;14;1900;2;2;2;1;6;555;999, RUE ACHILLE VIADIEU;;;;310
200600061359;6;10;18;1645;1;2;1;1;3;555;999, RUE ERIK SATIE;;;;310
200600061360;6;10;18;1655;1;2;9;1;3;555;06, ALL DES SOUPIRS;;;;310
200600061365;6;10;19;1120;1;2;1;1;3;555;4, ALL DU NIGER;;;;310
200600061371;6;10;22;1605;1;2;2;1;3;555;999, CHE TISSIE;;;;310
200600061372;6;10;18;1656;1;2;1;1;3;555;50, CHE DES MARAICHERS;;;;310
200600061375;6;10;23;1830;1;2;1;1;3;555;999, CHE RAYNAL;;;;310
200600061377;6;10;24;740;2;2;3;1;3;555;999, RTE DE NARBONNE;;;;310
200600061384;6;10;27;1740;1;2;1;1;6;555;20, RUE D ALSACE LORRAIN;;;;310
200600061389;6;10;28;2010;5;2;1;1;1;555;31/33, RUE SAINT ROME;;;;310
200600061395;6;10;30;1550;1;2;2;1;3;555;999, BARRIERE DE LOMBEZ;;;;310
200600061403;6;10;16;820;1;2;1;1;1;557;01, TOUCH (RUE DU);;;;310
200600061421;6;10;3;1710;1;2;5;1;3;63;CRS MARC NOUAUX;;;;330
200600061429;6;10;5;831;1;2;2;1;3;63;RUE CAZEMAJOR;;;;330
200600061439;6;10;9;1840;1;2;1;1;6;63;70, RUE JEAN RENAUD DAND;;;;330
200600061444;6;10;9;2115;5;2;2;1;3;63;CRS DE LA SOMME;;;;330
200600061451;6;10;11;1728;1;2;2;1;3;63;RUE PAULIN;;;;330
200600061453;6;10;10;1200;1;2;1;1;3;63;1, RUE SAINT LAURENT;;;;330
200600061456;6;10;12;900;1;2;2;1;3;63;CRS D'ALSACE ET LORRAINE;;;;330
200600061459;6;10;12;1840;1;2;1;1;3;63;RUE FRANCOIS DE SOURDIS;;;;330
200600061461;6;10;6;1900;1;1;3;1;1;550;RUE DUBOS;;;;330
200600061465;6;10;13;2250;5;2;2;1;3;63;RUE LAVOISIER CAUD;;;;330
200600061485;6;10;18;1800;1;2;7;1;1;63;RUE EMILE COMBES;;;;330
200600061503;6;10;17;2110;5;2;2;2;1;69;AVE DE LA LIBERATION-CH.;;;;330
200600061504;6;10;19;1620;1;2;3;1;3;318;AVE DE LA FORGE;;;;330
200600061505;6;10;23;1640;1;2;1;1;6;63;91, RUE STEHELIN CAUD;;;;330
200600061529;6;10;25;1555;1;2;7;1;3;63;CRS DU MEDOC;;;;330
200600061533;6;10;29;1425;1;2;1;1;2;63;5, PCE DES CAPUCINS;;;;330
200600061548;6;10;26;1530;1;2;1;1;3;281;ALL DU PONT DE MADAME;;;;330
200600061570;6;10;30;1800;1;2;1;1;2;243;7, EPINETTE(AVENUE DE L);;;;330
200600061578;6;10;2;1033;1;1;4;1;3;336;MEDITERRANEE (ROND POINT;;;;340
200600061596;6;10;26;1305;1;2;1;1;3;32;44, RIQUET PIERRE PAUL (;;;;340
200600061616;6;10;10;835;1;1;1;1;7;172;EINSTEIN (AVENUE ALBERT;;;;340
200600061666;6;10;1;1940;5;2;2;1;7;238;00, PASTEUR (PONT);;;;350
200600061685;6;10;10;1550;1;2;3;1;3;238;00, AVENUE DES PREALES;;;;350
200600061696;6;10;12;1645;1;2;1;1;3;238;00, GRIMAULT (BD LEON);;;;350
200600061699;6;10;13;1930;5;2;1;1;3;238;8, METZ (BD DE);;;;350
200600061707;6;10;18;1155;1;2;1;1;7;238;40, COMBES (BD EMILE);;;;350
200600061718;6;10;26;1940;5;2;2;1;7;238;00, ROCHESTER (AVENUE DE;;;;350
200600061721;6;10;29;1030;1;2;1;2;7;238;00, BERNARD (CLAUDE);;;;350
200600061734;6;10;6;1600;1;2;3;1;3;44;1, CURIE (PIERRE ET MARI;;;;360
200600061738;6;10;10;1825;1;2;1;1;2;44;24, MONTAIGNE;;;;360
200600061749;6;10;1;1835;1;1;1;1;3;261;PROUDHON (AVENUE);;;;370
200600061757;6;10;14;1150;1;2;1;1;7;261;35, PERE GORIOT (RUE DU);;;;370
200600061758;6;10;17;1750;1;2;3;1;3;233;GRANGE QUILLET (RUE DE L;;;;370
200600061759;6;10;26;1800;1;2;1;1;3;261;EIFFEL (AVENUE GUSTAVE);;;;370
200600061767;6;10;4;938;1;2;1;1;6;421;00, WEIL (AVENUE DOYEN L;;;;380
200600061773;6;10;6;745;1;2;2;1;6;185;., GARE (PLACE DE LA);;;;380
200600061774;6;10;6;1715;1;2;2;1;6;421;190, CROIZAT (AV. A.)(A.;;;;380
200600061779;6;10;13;1635;1;2;1;1;3;185;00, JEUX OLYMPIQUES (AV.;;;;380
200600061780;6;10;13;1700;1;2;1;1;3;185;00, CONDILLAC (RUE);;;;380
200600061784;6;10;16;1315;1;2;1;1;3;421;00, WEIL (AVENUE DOYEN L;;;;380
200600061785;6;10;16;1820;1;2;2;1;3;421;00, CROIZAT (AV. A.)(A.B;;;;380
200600061786;6;10;18;1850;5;2;2;1;3;421;00, VALLES (AV. J.)A. CR;;;;380
200600061787;6;10;21;1508;1;2;1;1;6;185;18, FLANDRIN (RUE J.);;;;380
200600061793;6;10;26;1250;1;2;1;1;6;185;15, GREGOIRE (RUE A.) 15;;;;380
200600061800;6;10;25;805;1;2;1;1;3;544;14, BON ACCUEIL(MONTEE);;;;380
200600061809;6;10;26;1913;2;2;1;1;5;88;TERCIS (ROUTE DE);;;;400
200600061814;6;10;2;1510;1;2;3;2;3;18;DUGAY-TROUIN (RUE)  N° I;;;;410
200600061818;6;10;3;1340;1;2;3;2;3;18;BASSES GRANGES (RUE DES);;;;410
200600061827;6;10;24;755;2;2;1;2;3;18;MAUNOURY (AVENUE DU MARE;;;;410
200600061854;6;10;5;745;1;2;1;1;6;187;40, PRESSENSE (RUE FRANC;;;;420
200600061860;6;10;10;1705;1;2;3;1;6;127;BRIENNON (RT DE);;;;420
200600061868;6;10;30;1930;5;2;3;1;3;187;20, CIMETIERE (BOULEVARD;;;;420
200600061873;6;10;2;1104;1;2;1;1;6;218;UNIVERSITE (DE L');;;;420
200600061874;6;10;2;1550;1;2;6;8;3;305;3460, ROSTAND JEAN (BOUL;;;;420
200600061881;6;10;6;1835;1;2;1;1;6;218;9 bis, FAURIEL (COURS);;;;420
200600061907;6;10;4;1718;1;2;1;1;6;132;4, CHAUSSEPOT (ROUTE DE);;;;440
200600061908;6;10;4;1856;1;2;1;1;3;132;HECQUEUX (AVENUE DU);;;;440
200600061919;6;10;4;930;1;2;6;1;6;109;RUE PAUL BELLAMY;;;;440
200600061936;6;10;12;730;5;2;1;1;6;109;NEANT, COURS OLIVIER DE;;;;440
200600061943;6;10;13;1400;1;2;1;1;6;190;245, ROUTE DE CLISSON;;;;440
200600061957;6;10;25;1340;1;2;5;1;6;143;RUE ERNEST SAUVESTRE;;;;440
200600061968;6;10;10;1605;1;2;1;1;3;184;RENAISSANCE (BOULEVARD D;;;;440
200600061977;6;10;26;810;2;2;3;2;3;184;PARÉ (RUE AMBROISE);;;;440
200600061984;6;10;3;1350;1;2;3;2;3;234;09, MOUILLERE (RUE DE LA;;;;450
200600061994;6;10;13;1100;1;2;1;1;6;234;15, PARISIE (RUE);;;;450
200600061995;6;10;16;2036;5;2;1;1;6;147;140, BERTHELOT (RUE MARC;;;;450
200600061999;6;10;20;900;1;2;2;2;3;302;SABLONNIERES (RUE DES);;;;450
200600062006;6;10;26;1600;1;2;1;1;3;234;face au 02, AVISSE (RUE;;;;450
200600062014;6;10;10;750;2;2;1;1;6;42;841, ORMEAUX (COTE DES);;;;460
200600062023;6;10;31;900;1;2;1;1;4;1;DELPECH (AV. GEORGES);;;;470
200600062046;6;10;12;1840;1;2;1;1;7;7;0, BORDIER JACQUES;;;;490
200600062051;6;10;14;1914;1;2;1;1;3;7;0, SANGNIER;;;;490
200600062076;6;10;30;1614;1;2;1;1;7;7;145, BARRE CITE ET RUE;;;;490