Num_Acc;an;mois;jour;hrmn;lum;agg;int;atm;col;com;adr;gps;lat;long;dep
200600062117;6;10;11;1100;1;2;6;1;6;108;1, MALLARME (RUE STEPHAN;;;;510
200600062121;6;10;29;1510;1;2;1;1;3;108;1, DOUMER (ALL PAUL);;;;510
200600062154;6;10;24;1002;1;2;5;8;6;448;1, GAULLE (PLACE DU GENE;;;;520
200600062167;6;10;1;1555;1;2;2;1;3;395;81, SAINT NICOLAS (RUE R;;;;540
200600062170;6;10;4;1800;1;2;6;1;2;395;1, PINCHARD (AVENUE OMBE;;;;540
200600062176;6;10;9;1200;1;2;1;1;6;395;105, AUSTRASIE (BOULEVAR;;;;540
200600062194;6;10;16;1600;1;2;2;1;3;304;SAONE (RUE DE LA);;;;540
200600062202;6;10;19;1355;1;2;1;1;6;395;1, JOFFRE (BOULEVARD);;;;540
200600062206;6;10;20;1315;1;2;1;1;6;395;169, LECLERC (AV. DU GEN;;;;540
200600062214;6;10;26;1730;1;2;3;1;1;547;3, PORTUGAL (RUE DU);;;;540
200600062217;6;10;28;1905;5;2;1;1;1;395;19, FOCH (AVENUE 18 ET 9;;;;540
200600062222;6;10;10;745;1;2;2;1;3;528;LEUQUES (AVENUE);;;;540
200600062226;6;10;8;1225;1;2;3;1;3;580;56, VALLES JULES (RUE);;;;540
200600062230;6;10;15;1045;1;2;6;1;3;29;SCHUMAN ( RUE ROBERT );;;;550
200600062237;6;10;7;1138;1;2;1;1;1;121;103, BEAUVAIS (RUE);;;;560
200600062238;6;10;11;832;1;2;3;1;3;98;., PONT DU BONHOMME (AVE;;;;560
200600062239;6;10;12;1036;1;2;1;1;6;121;01, GARROS (RUE  ROLAND;;;;560
200600062254;6;10;27;1654;1;2;4;1;3;162;., ANSE DU STOLE (RUE);;;;560
200600062284;6;10;18;730;2;1;1;1;3;751;00, THIONVILLE (AVENUE );;;;570
200600062286;6;10;19;1438;1;2;1;1;3;463;00, RAYMOND MONDON (PLAC;;;;570
200600062294;6;10;27;2125;5;2;1;1;6;463;00, ANDRE MAGINOT (BOULE;;;;570
200600062311;6;10;25;1700;1;2;1;1;1;508;13, SAPINS (RUE DES);;;;570
200600062341;6;10;10;1845;1;2;2;1;3;632;60, RONDET (R. MICHEL);;;;590
200600062344;6;10;27;1630;1;2;1;1;2;156;STASSIN (RUE FERNAND);;;;590
200600062365;6;10;2;545;5;2;4;8;7;527;00, CARNOT SADI RUE;;;;590
200600062374;6;10;7;1545;1;2;4;1;3;9;TOURNAI BOULEVARD DE;;;;590
200600062379;6;10;9;1740;1;2;1;1;3;648;CLEMENCEAU RUE;;;;590
200600062380;6;10;10;820;1;2;1;1;3;350;BALLON RUE DU;;;;590
200600062383;6;10;11;1315;1;2;2;1;6;350;52, EGALITE RUE DE L;;;;590
200600062389;6;10;13;1035;1;2;1;1;6;350;Sans objet, LIBERTE BOUL;;;;590
200600062391;6;10;13;1754;1;2;3;1;3;360;FOCH RUE DU MARECHAL;;;;590
200600062410;6;10;24;800;1;2;1;1;6;350;43, VAUBAN BOULEVARD N°;;;;590
200600062418;6;10;27;1050;1;2;2;9;3;350;MOLINEL RUE DU;;;;590
200600062450;6;10;17;1715;1;2;1;1;3;598;VERDUN (RUE DE);;;;590
200600062459;6;10;5;1900;1;2;1;1;2;332;DE LANNOY (RUE JEAN);;;;590
200600062462;6;10;23;855;1;2;2;1;1;646;DELETTE (RUE EMILE);;;;590
200600062463;6;10;2;740;5;2;1;1;2;163;HEM (RUE D');;;;590
200600062473;6;10;26;1735;1;2;2;1;3;299;ECOLES (RUE DES);;;;590
200600062475;6;10;27;1635;1;2;3;1;3;512;NOTTE (RUE JEAN BAPTISTE;;;;590
200600062478;6;10;13;1500;1;2;1;1;2;646;GAMBETTA (PLACE);;;;590
200600062481;6;10;26;1825;5;2;4;1;1;650;LA FONTAINE (RUE);;;;590
200600062492;6;10;18;1050;1;2;1;2;3;599;GAMBETTA (BOULEVARD);;;;590
200600062498;6;10;24;1500;1;2;3;1;3;484;42, JAURES (AVENUE JEAN);;;;590
200600062506;6;10;10;1620;1;2;1;1;6;484;CRONTE VOYE (RUE);;;;590
200600062509;6;10;22;1130;1;2;3;1;6;515;MOZART (RUE);;;;590
200600062592;6;10;2;1935;5;2;1;1;6;113;1, SAINT JEAN (BD);;;;630
200600062603;6;10;6;1530;1;2;3;1;3;113;1, FOSSES SOUS LE SEMINA;;;;630
200600062624;6;10;14;1320;1;2;1;1;3;113;1, PRADELLE (RUE DE LA);;;;630
200600062627;6;10;14;2010;5;2;2;1;6;113;1, CORDELIERS (RUE DES);;;;630
200600062651;6;10;24;1350;1;2;1;1;6;75;PASTEUR (AVENUE);;;;630
200600062653;6;10;25;735;3;2;6;1;6;113;1, BREZET (AVENUE);;;;630
200600062657;6;10;27;945;1;1;2;1;6;113;RIBOT (RUE ALEXANDRE);;;;630
200600062702;6;10;7;1530;1;2;2;1;1;445;1, GASTON PHOEBUS;;;;640
200600062709;6;10;13;1722;1;2;1;1;3;129;4, CHATEAU D'ESTE DU;;;;640
200600062713;6;10;18;925;1;2;1;1;6;445;67, JEAN MERMOZ;;;;640
200600062721;6;10;23;750;5;2;6;3;3;445;1, COMMUNE DE LA;;;;640
200600062722;6;10;25;1805;1;2;2;1;1;335;1, BENEHARNUM DE;;;;640
200600062736;6;10;9;1115;1;2;3;1;3;545;NATIONALE 10;;;;640
200600062740;6;10;13;1105;1;2;1;1;3;189;RN10;;;;640
200600062752;6;10;3;1645;1;2;1;1;3;286;CHAMP COMMUN (PLACE);;;;650
200600062757;6;10;2;1048;1;2;3;1;3;440;., PAU (ROUTE DE);;;;650
200600062760;6;10;5;935;1;2;2;1;3;440;., JUBINAL (RUE ACHILLE);;;;650
200600062765;6;10;13;850;1;2;1;1;2;331;., ACACIAS (AVENUE DES);;;;650
200600062795;6;10;2;1330;1;2;2;1;3;43;26, CANAL (RUE DU);;;;670
200600062807;6;10;5;1145;1;2;2;1;3;482;00, LISIERE (ROUTE DE LA;;;;670
200600062808;6;10;5;1420;1;2;3;1;3;482;00, JULES RATHGEBER (RUE;;;;670
200600062809;6;10;5;1855;1;2;1;1;3;482;00, KOENIGSHOFFEN (RUE D;;;;670
200600062810;6;10;6;825;1;2;4;1;3;482;00, MELANIE (RUE);;;;670
200600062813;6;10;9;700;2;2;3;1;6;482;CHEMIN DE FER (RUE DU);;;;670
200600062815;6;10;10;1340;1;2;2;1;3;482;DANUBE (PONT DU);;;;670
200600062817;6;10;12;1150;1;2;3;1;3;447;7a, TRIBUNAL (RUE DU);;;;670
200600062820;6;10;13;815;1;2;1;1;3;447;20, MALTERIES (RUE DES);;;;670
200600062822;6;10;13;1415;1;2;1;1;5;482;19, ORPHELINS (RUE DES);;;;670
200600062824;6;10;15;1600;1;2;1;1;6;482;14, LA WANTZENAU (ROUTE;;;;670
200600062831;6;10;23;900;1;2;3;2;3;482;00, ALPES (QUAI DES);;;;670
200600062839;6;10;26;800;1;2;2;1;6;482;VICTOIRE (BOULEVARD DE L;;;;670
200600062840;6;10;27;830;1;2;3;1;3;482;DETTWILLER (RUE DE);;;;670
200600062842;6;10;26;1050;1;2;1;1;5;482;230, COLMAR (AVENUE DE);;;;670
200600062844;6;10;26;1345;1;2;3;1;3;447;SEBASTIEN BRANT (RUE);;;;670
200600062845;6;10;26;1330;1;2;1;1;6;447;42, BISCHWILLER (ROUTE D;;;;670
200600062847;6;10;28;1320;1;2;1;1;6;482;28, FAUBOURG DE PIERRE (;;;;670
200600062852;6;10;31;830;1;2;1;1;3;482;COLMAR (AVENUE DE);;;;670
200600062856;6;10;4;1415;1;2;6;1;3;66;DE GAULLE (AVENUE DU GEN;;;;680
200600062857;6;10;5;1800;1;2;3;1;3;66;WINTZENHEIM (ROUTE DE);;;;680
200600062864;6;10;19;1710;1;2;6;1;3;66;7, FOCH (AVENUE);;;;680
200600062870;6;10;26;1845;2;2;2;1;3;66;NEUF BRISACH (ROUTE DE);;;;680
200600062886;6;10;24;645;2;2;3;1;2;224;21G, THANN (RUE DE);;;;680
200600062893;6;10;21;1326;1;2;1;1;3;224;BOURTZWILLER (PONT DE);;;;680
200600062895;6;10;3;1520;1;2;2;1;3;29;PINEL;;;;690
200600062905;6;10;17;825;1;2;1;1;3;259;0, MARCEL CACHIN;;;;690
200600062906;6;10;28;1245;1;2;1;1;3;259;11, MARCEL PAUL;;;;690
200600062912;6;10;2;1440;1;2;2;1;6;266;1, RUE P VERLAINE;;;;690
200600062918;6;10;12;1020;1;2;2;1;3;266;1, RUE DES ANTONINS;;;;690
200600062925;6;10;22;1530;1;2;2;1;3;266;25, RUE EDOUARD AYNARD;;;;690
200600062933;6;10;24;1620;1;2;1;1;5;290;MAUGUETTE (DE);;;;690
200600062967;6;10;3;1230;1;2;2;1;3;181;RUAUDIN (RUE) N° PAIRS 1;;;;720
200600063001;6;10;26;1730;1;2;3;1;3;181;EVENTAIL RUE DE L' N° IM;;;;720
200600063008;6;10;9;1830;1;2;1;1;3;8;7, RONDEAU PLACE DU;;;;730
200600063020;6;10;19;1950;5;2;2;1;6;10;PONT NEUF;;;;740
200600063083;6;10;2;1710;1;2;4;2;6;6;R GRANDE CHAUMIERE R N D;;;;750
200600063100;6;10;1;1845;1;2;2;1;3;15;R DE LA PROCESSION R LA;;;;750
200600063118;6;10;4;920;1;2;2;1;3;11;R FONTAINE AU ROI R DE V;;;;750
200600063129;6;10;11;1915;2;2;1;1;3;3;93 BD BEAUMARCHAIS;;;;750
200600063145;6;10;5;1310;1;2;3;1;3;11;AV DE BOUVINES PL DE LA;;;;750
200600063156;6;10;3;935;1;2;3;2;7;5;R BLAINVILLE R MOUFFETAR;;;;750
200600063157;6;10;4;1830;1;2;1;1;6;17;114 AV DE CLICHY;;;;750
200600063158;6;10;4;1900;5;2;2;1;6;17;AV DE CLICHY R DOCTEUR H;;;;750
200600063175;6;10;6;1905;5;2;1;2;1;12;82 BD DIDEROT;;;;750
200600063182;6;10;6;1710;1;2;3;1;6;11;BD RICHARD LENOIR R SEDA;;;;750
200600063202;6;10;7;1045;1;2;1;1;3;11;166 R DE CHARONNE;;;;750
200600063209;6;10;7;1400;1;2;1;1;3;15;23 R DES CEVENNES;;;;750
200600063214;6;10;8;1400;1;2;2;1;5;18;BD DE LA CHAPELLE R PH D;;;;750
200600063223;6;10;6;2050;5;2;2;2;3;12;AV DAUMESNIL AV LEDRU RO;;;;750
200600063227;6;10;16;1025;1;2;3;1;3;15;PT DE GRENELLE PL FERNAN;;;;750
200600063231;6;10;17;905;1;2;1;1;6;13;AV DE FRANCE;;;;750
200600063237;6;10;7;1620;1;2;1;1;3;17;142 R DE COURCELLES;;;;750
200600063252;6;10;17;1755;1;2;1;1;3;13;181 BD VINCENT AURIOL;;;;750
200600063255;6;10;8;1500;1;2;1;1;6;4;L4472 VERD PO ARCOLE PO;;;;750
200600063284;6;10;10;1705;1;2;3;1;2;3;BD BEAUMARCHAIS R SAINT;;;;750
200600063292;6;10;20;1025;1;2;1;1;3;16;12 Q SAINT EXUPERY;;;;750
200600063330;6;10;9;1720;1;2;1;1;3;10;64 BD DE MAGENTA;;;;750
200600063349;6;10;11;1630;1;2;4;1;3;19;AV SECRETAN BD DE LA VIL;;;;750
200600063356;6;10;24;1445;1;2;1;1;6;19;94 R PETIT;;;;750
200600063361;6;10;12;850;1;2;1;8;6;11;166 BD VOLTAIRE;;;;750
200600063387;6;10;13;730;2;2;1;1;3;15;362 R DE VAUGIRARD;;;;750
200600063397;6;10;14;1015;1;2;1;1;6;12;2 AV COURTELINE;;;;750
200600063413;6;10;15;830;1;2;1;1;6;9;22 R HENRI MONNIER;;;;750
200600063429;6;10;16;2250;5;2;1;1;3;11;9 R FG SAINT ANTOINE;;;;750
200600063430;6;10;16;920;1;2;1;1;3;12;L2849 PT D AUSTERLITZ;;;;750
200600063444;6;10;29;2350;5;2;2;1;3;13;R BOBILLOT R TOLBIAC;;;;750
200600063491;6;10;15;10;5;2;1;1;2;10;247 R LA FAYETTE;;;;750
200600063500;6;10;16;1340;1;2;3;1;2;10;R RENE BOULANGER R DE LA;;;;750
200600063546;6;10;19;1420;1;2;1;1;4;4;4 R COUTELLERIE;;;;750
200600063549;6;10;19;1430;1;2;3;1;3;11;BD DE MENILMONTANT AV PH;;;;750
200600063555;6;10;19;1520;1;2;1;1;3;15;256 R LECOURBE;;;;750
200600063556;6;10;19;850;1;2;1;1;3;15;20 R COLONEL P AVIA;;;;750
200600063605;6;10;21;1050;1;2;1;1;4;16;2 RTE DE SURESNES;;;;750
200600063617;6;10;21;1203;1;2;3;1;1;12;R DE COTTE R FG SAINT AN;;;;750
200600063619;6;10;22;1339;1;2;1;1;3;13;BD MASSENA;;;;750
200600063625;6;10;22;1100;1;2;2;1;3;17;R G CHARPENTIER AV PORTE;;;;750
200600063635;6;10;23;1215;1;2;1;1;3;3;2 R DES HAUDRIETTES;;;;750
200600063657;6;10;24;1830;1;2;1;1;3;20;24 R DES BALKANS;;;;750
200600063672;6;10;25;1810;1;2;1;1;3;7;14 R DUPONT DES LOGES;;;;750
200600063684;6;10;26;4;5;2;2;1;3;3;R GREN ST LAZARE R SAINT;;;;750
200600063687;6;10;26;1410;1;2;3;1;4;14;R D ALESIA R H MAINDRON;;;;750
200600063689;6;10;26;1545;1;2;1;1;3;16;56 R DE LA POMPE;;;;750
200600063691;6;10;26;1930;5;2;2;1;6;17;R BOULAY AV DE CLICHY;;;;750
200600063718;6;10;23;1330;1;2;2;1;3;10;R DE BELZUNCE BD DE MAGE;;;;750
200600063747;6;10;28;1625;1;2;1;1;6;9;22 R DE MAUBEUGE;;;;750
200600063769;6;10;30;1810;5;2;1;1;2;16;L14612 RTE DE SEVRES A N;;;;750
200600063782;6;10;31;1215;1;2;2;1;3;6;BD RASPAIL R DE RENNES;;;;750
200600063822;6;10;30;1605;1;2;1;1;7;10;208 R LA FAYETTE;;;;750
200600063851;6;10;26;2145;5;2;1;1;2;231;3.100, GUYNEMER. PONT;;;;760
200600063852;6;10;30;1600;1;1;2;1;3;705;0, CD 13;;;;760
200600063870;6;10;10;1810;1;2;3;1;3;498;1, LEBAS. RUE JOSEPH;;;;760
200600063872;6;10;12;1745;1;2;1;1;3;157;1, BEGUINIERE. RUE DE LA;;;;760
200600063922;6;10;20;1845;1;2;1;8;7;284;8, AMYOT (SQ.JACQUES);;;;770
200600063947;6;10;11;1605;1;2;2;1;6;83;1, CHELLES (AVENUE DE);;;;770
200600063949;6;10;19;1702;1;2;3;1;3;146;13, BEAUBOURG (BOULEVARD;;;;770
200600063955;6;10;28;1700;1;2;3;1;3;468;LACS (COURS DES);;;;770
200600063970;6;10;18;1551;1;2;3;1;3;172;0.0, HAUTIL (RUE DE L');;;;780
200600063975;6;10;23;1725;1;2;1;8;3;383;Indétr, SORTIE R.N 10 (B;;;;780
200600063977;6;10;5;1835;1;2;1;1;3;423;LYCEE (AVENUE DU);;;;780
200600063982;6;10;16;820;1;2;2;1;3;688;ignoré, MAIL AUX FRUITS;;;;780
200600064011;6;10;4;2030;3;2;1;1;6;624;278, DOUMER RUE PAUL;;;;780
200600064023;6;10;27;1610;1;2;2;1;3;498;FOCH AV;;;;780
200600064043;6;10;11;815;1;2;2;1;3;621;CASTIGLIONE DEL LAGO (RU;;;;780
200600064069;6;10;6;1655;1;2;1;2;3;21;0, CAGNY (RUE DE);;;;800
200600064086;6;10;19;850;1;2;2;8;3;21;0, JARDIN DES PLANTES (B;;;;800
200600064087;6;10;20;2000;5;2;2;2;3;21;0, EMILE ZOLA (RUE);;;;800
200600064088;6;10;20;1225;1;2;2;1;3;21;0, GENERAL FOY (AVENUE D;;;;800
200600064094;6;10;10;755;1;1;1;1;2;4;TEILLET (RTE DE);;;;810
200600064096;6;10;17;1640;1;1;1;1;2;144;RN 88;;;;810
200600064105;6;10;14;930;1;2;1;1;2;65;106, TOULOUSE RN 126 (RT;;;;810
200600064106;6;10;16;1905;5;2;6;1;2;65;ABATTOIR (PLACE DE L');;;;810
200600064110;6;10;26;905;1;2;3;1;3;65;23, CASSIN (AV.RENE);;;;810
200600064125;6;10;14;957;1;2;7;1;3;121;0, LENOIR (PLACE MARCEL);;;;820
200600064131;6;10;9;1725;1;1;1;1;3;61;0, RN7;;;;830
200600064137;6;10;30;945;1;2;1;1;3;34;580, AVENUE VALERANE;;;;830
200600064141;6;10;11;1825;1;2;6;1;1;129;JUIN MARECHAL (AV DU);;;;830
200600064158;6;10;3;1810;1;2;2;1;5;137;804, PICOT (AVE DU COLON;;;;830
200600064189;6;10;27;800;1;2;1;1;6;137;BOZZO (AVE  LOUIS);;;;830
200600064201;6;10;25;1725;1;2;1;1;3;144;UNIVERSITE (AVE DE L');;;;830
200600064252;6;10;27;1930;3;1;3;1;3;87;CAMARET (ROUTE DE);;;;840
200600064253;6;10;4;1330;1;2;6;1;6;191;1, ROND POINT SULLY;;;;850
200600064257;6;10;2;1755;1;2;9;2;6;194;0, BRETAGNE (AVENUE DE);;;;850
200600064259;6;10;8;1030;1;2;2;1;3;194;53, JAURES (AVENUE JEAN);;;;850
200600064274;6;10;11;2015;5;2;2;3;3;194;40, BAJON (BOULEVARD);;;;860
200600064292;6;10;2;730;5;2;3;1;3;85;63, ISLE (RUE D');;;;870
200600064307;6;10;7;1015;1;2;3;1;2;85;MAS-BOUYOL  (CITE ET BOU;;;;870
200600064312;6;10;9;1754;1;2;3;1;3;85;1, COLBERT (IMPASSE);;;;870
200600064315;6;10;11;1015;1;2;1;1;6;85;3, JAURES (RUE JEAN);;;;870
200600064330;6;10;19;1245;1;2;2;1;3;85;90, MONTMAILLER (RUE);;;;870
200600064333;6;10;21;845;1;1;1;1;6;85;2, BEAUVAIS (RUE DE);;;;870
200600064355;6;10;3;1320;1;2;1;3;3;424;0, Alsace ( Rue d ' );;;;880
200600064363;6;10;9;750;1;2;3;1;3;24;00, MAX BLONDAT (RUE);;;;890
200600064367;6;10;31;2305;5;2;2;1;3;387;0, PONT NEUF (BOULEVARD;;;;890
200600064377;6;10;26;700;5;2;3;1;3;10;BESANCON (FAUBOURG DE);;;;900
200600064379;6;10;29;1525;1;2;1;1;3;10;1, ALEMBERT (RUE D');;;;900
200600064384;6;10;11;1610;1;2;2;1;6;27;0, BLUM (AVENUE LEON);;;;910
200600064447;6;10;15;1120;1;2;1;1;3;549;1, GABRIEL PERI (AVENUE);;;;910
200600064464;6;10;23;1910;5;2;1;2;6;4;162, BOURGUIGNONS ( RUE;;;;920
200600064474;6;10;2;2007;1;2;1;2;2;12;, CHATEAU (RUE DU) 1/125;;;;920
200600064529;6;10;10;740;2;2;1;1;3;25;176, VOIES DU BOIS (RUE;;;;920
200600064560;6;10;4;1100;1;2;6;1;1;40;PDT ROBERT SCHUMANN (PLA;;;;920
200600064571;6;10;10;535;5;2;2;1;5;44;NR, MARIUS AUFAN(RUE) 1A;;;;920
200600064574;6;10;25;1235;1;2;1;1;6;44;126, J. GUESDES(RUE)103A;;;;920
200600064604;6;10;3;755;1;2;1;3;1;51;34, MADRID (AVENUE DE);;;;920
200600064617;6;10;18;1530;1;2;3;1;3;63;EMPEREUR (ROUTE DE L') E;;;;920
200600064628;6;10;16;1340;1;2;1;1;6;64;7, LELEGARD;;;;920
200600064635;6;10;7;1810;1;2;1;1;2;22;47 Bis, JOUY (RUE DE);;;;920
200600064710;6;10;15;2140;5;2;6;1;6;8;, PLACE SAINT JUSTE;;;;930
200600064732;6;10;18;1000;2;2;1;1;3;29;135, HENRI BARBUSSE (AVE;;;;930
200600064750;6;10;10;1400;1;2;3;1;2;47;, GENERAL LECLERC  (RUE;;;;930
200600064752;6;10;18;800;2;2;2;2;3;32;JEAN JAURES (AVENUE);;;;930
200600064783;6;10;20;1225;1;2;1;1;1;46;55-67, COLONEL FABIEN AV;;;;930
200600064786;6;10;23;1705;1;2;1;2;7;46;61, MARECHAL LECLERC AVE;;;;930
200600064787;6;10;23;1725;1;2;1;2;3;46;40, CONSUL GENERAL NORDL;;;;930
200600064800;6;10;4;1850;1;2;1;2;1;50;13, LEON BLUM (AVENUE);;;;930
200600064803;6;10;21;825;1;2;3;1;1;49;, TORTU (CHEMIN);;;;930
200600064829;6;10;9;1710;1;2;9;8;3;62;30, RESISTANCE (AVENUE D;;;;930
200600064861;6;10;28;1620;1;2;2;1;3;66;"109, ""BARBUSSE HENRI, NR";;;;930
200600064893;6;10;12;810;1;2;1;1;3;73;VAILLANT (BOULEVARD CHAR;;;;930
200600064927;6;10;20;1620;1;2;1;1;3;17;156, ALEXANDRE FOURNY (R;;;;940
200600064937;6;10;4;1410;1;2;1;1;6;19;14, ARISTIDE BRIAND (R);;;;940
200600064941;6;10;14;1840;1;2;3;1;3;55;00, ALBERT KIENERT (R);;;;940
200600064953;6;10;1;2045;2;2;2;1;3;28;LAC.(RUE DU);;;;940
200600064955;6;10;2;755;1;2;1;1;6;28;0, GAULLE(AVENUE DU GENE;;;;940
200600064963;6;10;11;1745;1;2;1;1;3;11;RHIN ET DANUBE(RUE DU);;;;940
200600064964;6;10;12;815;1;2;2;1;3;28;PARIS.(RUE DE);;;;940
200600064965;6;10;13;1705;1;2;1;1;6;28;0, ARCOS.(RUE RENE);;;;940
200600064971;6;10;17;915;1;2;2;1;3;28;BARRAGE.(RUE DU);;;;940
200600064981;6;10;28;1250;1;2;2;1;3;28;0, POMPADOUR.(CHEMIN DE;;;;940
200600065004;6;10;6;900;1;2;1;1;3;21;6, GENERAL DE GAULLE (AV;;;;940
200600065018;6;10;19;920;1;2;1;2;3;34;34, PASTEUR (BD);;;;940
200600065025;6;10;16;1640;1;2;1;1;3;41;Place du 8 Mai Mai 1945;;;;940
200600065031;6;10;29;1600;1;2;1;1;3;41;32, VERDUN (AV DE);;;;940
200600065040;6;10;10;1120;1;2;1;2;6;46;05, PIERRE CURIE (R);;;;940
200600065050;6;10;6;1950;5;2;1;3;1;52;STRASBOURG (BD DE);;;;940
200600065053;6;10;13;1945;5;2;1;1;2;15;FOUR (R DU);;;;940
200600065079;6;10;25;1400;1;2;1;1;6;68;RD30, CHAMPIGNY - PONT D;;;;940
200600065103;6;10;23;1805;2;2;2;8;3;80;77, FRANCE (R DE);;;;940
200600065115;6;10;9;1950;5;2;1;2;3;18;CORMEILLES (ROUTE DE);;;;950
200600065129;6;10;27;1140;1;2;1;1;7;582;PUITS GOHIER;;;;950
200600065132;6;10;25;845;1;2;1;1;7;582;ALPHONSE DUCHESNE (RUE);;;;950
200600065139;6;10;17;2145;5;2;1;1;2;476;2, ENNERY (ROUTE D') - R;;;;950
200600065151;6;10;6;1215;1;2;1;1;6;203;FACE 33, REPUBLIQUE (BOU;;;;950
200600065180;6;10;20;1335;1;2;9;1;6;607;JEAN BAPTISTE CLEMENT (R;;;;950
200600065194;6;10;25;1240;1;2;3;1;3;381;JEAN MOULIN;;;;690
200600065543;6;10;4;1255;1;2;1;1;6;383;MARIUS VIVIER MERLE;;;;690
200600065544;6;10;5;1750;1;2;1;1;6;383;6, MARIUS VIVIER MERLE;;;;690
200600065550;6;10;10;825;1;2;1;1;6;383;24, PROFESSEUR FLORENCE;;;;690
200600065557;6;10;4;1620;1;2;1;2;6;383;54, GAMBETTA;;;;690
200600065571;6;10;27;840;1;2;1;1;3;383;225, DUGUESCLIN;;;;690
200600065579;6;10;10;720;2;2;1;1;6;384;BOULEVARD DES CANUTS;;;;690
200600065631;6;10;27;1240;1;2;1;1;3;387;52, YVES FARGES;;;;690
200600065748;6;10;16;1310;1;2;6;1;3;220;REPUBLIQUE (AVENUE DE LA;;;;140
200600065765;6;11;18;1610;1;2;1;1;7;691;12, GOUVERNEMENT (RUE DU;;;;20
200600065780;6;11;23;2055;5;2;2;2;3;185;67, THOMAS ( AVENUE ALBE;;;;30
200600065785;6;11;3;1400;1;2;1;1;1;310;JAURES (RUE JEAN);;;;30
200600065787;6;11;12;1610;1;2;2;1;3;310;0, THERMALE (AVENUE);;;;30
200600065793;6;11;27;1345;1;2;1;1;3;23;VICHY (AVENUE DE);;;;30
200600065835;6;11;15;1630;1;2;3;1;3;27;NEFLIERS RUE DES;;;;60
200600065867;6;11;20;810;1;2;6;1;3;29;MIDI (BOULEVARD DU);;;;60
200600065921;6;11;6;900;1;2;1;1;3;88;0, TURIN (RTE DE);;;;60
200600065933;6;11;8;1630;1;2;1;1;3;88;167, ANGLAIS (DU N° 114;;;;60
200600065952;6;11;11;530;5;2;1;1;2;88;100, ST LAMBERT (JUSQU'A;;;;60
200600065964;6;11;15;815;1;2;3;1;7;88;109, ARIANE (BD DE L');;;;60
200600065983;6;11;17;1805;5;2;1;1;5;88;39, GAMBETTA (JUSQU'AU N;;;;60
200600065986;6;11;18;920;1;2;1;1;6;88;NAPOLEON III (PONT);;;;60
200600066036;6;11;27;1015;1;2;2;1;3;88;0, ARSON (RUE);;;;60
200600066043;6;11;28;1445;1;2;1;1;3;88;91, MADELEINE (BD DE LA);;;;60
200600066076;6;11;7;1725;1;2;1;1;3;225;000, SAINT JEAN AVENUE;;;;90
200600066087;6;11;30;1640;1;2;2;1;3;262;LEBLANC(RUE);;;;110
200600066101;6;11;24;630;2;2;3;1;1;1;1, FIGUIERE (RUE DE LA);;;;130
200600066106;6;11;17;1930;5;2;2;3;3;4;L'ANCIEN MOULIN A TABAC;;;;130
200600066111;6;11;30;1850;5;2;6;8;3;4;LIBERATION AVENUE DE LA;;;;130
200600066131;6;11;11;920;1;2;3;1;3;43;PROVENCE  BD DE LA;;;;130
200600066148;6;11;3;1600;1;2;1;1;1;55;546, MIREILLE LAUZE (BOU;;;;130
200600066156;6;11;8;920;1;2;1;1;3;55;144, JEAN LOMBARD (AVENU;;;;130
200600066160;6;11;3;625;2;2;2;1;3;55;371, ROMAIN ROLLAND (BOU;;;;130
200600066161;6;11;4;820;1;2;6;1;3;55;LOUIS BONNEFON (PLACE);;;;130
200600066335;6;11;23;1635;1;2;3;1;3;55;ALBE (RUE);;;;130
200600066394;6;11;19;840;1;1;1;1;3;71;VERSAILLES (ROND POINT D;;;;130
200600066408;6;11;25;1335;1;2;1;1;2;118;DETOLLE (BOULEVARD ANDRE;;;;140
200600066421;6;11;6;1715;1;2;2;1;6;15;0, LIMOGES (RUE DE);;;;160
200600066430;6;11;13;1210;1;2;2;1;3;299;172990121, DE GAULLE AVE;;;;170
200600066451;6;11;17;1635;1;2;1;1;3;300;CORSAIRES   AVENUE DES (;;;;170
200600066478;6;11;8;750;2;2;2;1;3;415;JEAN XXIII RUE;;;;170
200600066483;6;11;22;735;3;2;1;1;2;415;39, CHERMIGNAC RUE DE;;;;170
200600066518;6;11;28;1750;5;2;1;2;6;54;1, POMMARD (ROUTE DE);;;;210
200600066538;6;11;24;1104;1;2;1;2;2;231;25, GABRIEL (BOULEVARD);;;;210
200600066547;6;11;14;1655;1;2;5;1;2;113;CROAS BODIOU (LIEU-DIT);;;;220
200600066583;6;11;8;803;1;2;6;1;3;56;SANS, EPITAPHE CHEMIN DE;;;;250
200600066602;6;11;22;1838;5;1;1;1;3;56;7, MONTRAPON AVENUE DE;;;;250