Num_Acc;an;mois;jour;hrmn;lum;agg;int;atm;col;com;adr;gps;lat;long;dep
200600066612;6;11;28;1129;1;2;1;1;3;388;00, HOLLANDE (RUE DE LA;;;;250
200600066669;6;11;16;1825;2;2;9;1;6;681;ALBUFERA (RUE D');;;;270
200600066673;6;11;6;825;1;2;1;5;3;681;IVRY (ROUTE D');;;;270
200600066674;6;11;3;1815;1;2;1;1;3;85;SANS, ABOVILLE (RUE D');;;;280
200600066755;6;11;6;1140;1;2;1;1;6;189;..., LAURIERS  (RUE);;;;300
200600066756;6;11;6;1619;1;2;2;1;3;189;4, BALORE (RUE);;;;300
200600066758;6;11;7;914;1;2;6;1;3;189;..., ALLENDE SALVADOR (R;;;;300
200600066815;6;11;3;1725;1;2;1;1;6;555;16, BD DE STRASBOURG;;;;310
200600066832;6;11;9;1725;1;2;1;1;3;555;137, RTE DE SEYSSES;;;;310
200600066834;6;11;9;840;1;2;1;1;3;555;172, AV DE LOMBEZ;;;;310
200600066836;6;11;10;721;5;2;1;1;2;555;999, RUE DU FAUBOURG BON;;;;310
200600066852;6;11;14;1215;1;2;1;1;6;555;29, AV DES MINIMES;;;;310
200600066870;6;11;17;1538;1;2;1;1;3;555;122, AV DE GRANDE BRETAG;;;;310
200600066879;6;11;20;1025;1;2;1;1;3;555;232, RTE DE SEYSSES;;;;310
200600066919;6;11;10;1540;1;2;6;1;3;557;02, LARRAMET (CH DE);;;;310
200600066920;6;11;15;1740;5;2;1;1;3;557;22, AURIOL (BD VINCENT);;;;310
200600066926;6;11;1;1600;1;1;1;1;1;529;1, MARIOLAN (CH. DE);;;;330
200600066931;6;11;1;5;5;2;3;1;3;318;AVE JEAN BABIN;;;;330
200600066938;6;11;2;855;1;2;3;1;3;318;AVE ROGER COHE;;;;330
200600066946;6;11;6;1400;1;2;1;1;6;63;115, RUE JOSEPH ABRIA;;;;330
200600066976;6;11;15;1915;5;2;2;1;3;63;RUE FRERE;;;;330
200600066982;6;11;14;1715;2;2;6;1;3;281;AVE FRAN€OIS MITTERRAND;;;;330
200600066988;6;11;20;740;1;2;2;1;3;63;RUE EUGENE TENOT;;;;330
200600066990;6;11;16;805;1;2;2;2;3;281;AVE ARISTIDE BRIAND;;;;330
200600066991;6;11;15;1825;5;2;1;1;1;281;AVE DU MARECHAL JUIN;;;;330
200600066998;6;11;17;1800;5;2;1;1;3;281;16, RUE DE CHARLIN;;;;330
200600067015;6;11;27;740;2;2;1;1;3;63;402, AVE MAL DE LATTRE T;;;;330
200600067017;6;11;28;1045;1;2;1;1;3;63;262, CRS DE LA SOMME;;;;330
200600067018;6;11;27;1230;1;2;1;1;3;63;146, CRS DE LA SOMME;;;;330
200600067020;6;11;22;655;5;2;2;2;3;281;RUE PAUL DOUMER;;;;330
200600067024;6;11;26;1045;1;2;1;1;3;281;RUE RIAUD;;;;330
200600067029;6;11;30;840;1;2;2;1;3;63;RUE MERY;;;;330
200600067036;6;11;28;1930;4;2;1;2;6;318;AVE DES FACULTES;;;;330
200600067087;6;11;6;1616;1;2;2;1;3;172;MONDIAL 98 (AVENUE DU);;;;340
200600067109;6;11;20;1000;1;2;2;1;3;172;2, AVILER (PLACE D');;;;340
200600067119;6;11;23;851;1;2;2;1;3;172;BALANCES (RUE DES);;;;340
200600067151;6;11;8;1800;2;2;6;1;3;238;00, YOUGOSLAVIE (BD DE);;;;350
200600067164;6;11;16;800;2;2;1;1;3;238;00, VALLES (JULES);;;;350
200600067166;6;11;16;1225;1;2;3;2;3;238;00, CHATILLON (DE);;;;350
200600067168;6;11;17;115;5;2;2;1;3;238;00, DE LATTRE DE TASSIGN;;;;350
200600067187;6;11;21;2030;5;2;1;1;6;238;12, LAENNEC (BD RENE);;;;350
200600067196;6;11;27;1555;1;2;6;1;3;238;00, CLOS COURTEL (DU);;;;350
200600067200;6;11;29;1320;1;2;3;1;3;238;00, GUILLOUX (LOUIS);;;;350
200600067219;6;11;30;1805;2;2;1;1;7;44;VERDUN (AV DE);;;;360
200600067246;6;11;6;1440;1;2;1;1;6;185;21, VALMY (AV. DE);;;;380
200600067270;6;11;21;730;2;2;1;2;6;185;00, SEMBAT (BOULEVARD A.;;;;380
200600067275;6;11;22;950;1;2;2;1;1;185;., GAMBETTA (BOULEVARD);;;;380
200600067277;6;11;23;1410;1;2;1;1;3;185;11, PAIN (BOULEVARD);;;;380
200600067280;6;11;28;830;1;2;3;1;3;185;., STALINGRAD (RUE DE);;;;380
200600067282;6;11;28;1000;1;2;1;1;6;185;7, COCAT (AVENUE P.);;;;380
200600067326;6;11;19;920;1;2;1;1;1;316;27, JAURES (RUE JEAN);;;;420
200600067330;6;11;9;810;1;2;1;1;2;187;04, PLASSE (RUE GEORGES);;;;420
200600067334;6;11;22;1525;1;2;2;1;3;71;1, COMMELLE (ROUTE DE );;;;420
200600067382;6;11;3;1220;1;2;1;1;6;143;SORINIERES (RUE DES);;;;440
200600067397;6;11;8;1345;1;2;3;1;3;162;AVENUE DE LA PENTECOTE;;;;440
200600067402;6;11;15;1910;5;2;1;1;6;109;RUE ESNOUL DES CHATELETS;;;;440
200600067425;6;11;27;1420;1;2;6;1;3;109;BOULEVARD GENERAL DE GAU;;;;440
200600067457;6;11;12;845;1;2;1;1;2;234;10, DAUPHINE (AVENUE);;;;450
200600067458;6;11;14;800;1;2;3;2;3;286;19, SANDILLON (ROUTE DE);;;;450
200600067460;6;11;17;835;1;2;1;1;3;234;14, DROITS DE L'HOMME (A;;;;450
200600067475;6;11;27;1310;1;2;1;1;2;284;2, PASCAL (RUE BLAISE);;;;450
200600067478;6;11;29;750;1;2;1;1;3;285;CHAINGY (CHEMIN DE);;;;450
200600067479;6;11;30;655;5;2;2;9;3;234;11, BELNEUF (RUE DU);;;;450
200600067481;6;11;27;750;2;2;1;1;6;234;BOLIERE (RUE DE LA);;;;450
200600067483;6;11;8;1023;1;2;1;1;6;1;18, CAJARC (RUE);;;;470
200600067498;6;11;1;1140;1;2;3;1;3;7;148, LEKEU;;;;490
200600067502;6;11;3;1715;1;2;1;1;3;7;9, JONCHERES SQUARE;;;;490
200600067505;6;11;6;1212;1;2;1;1;6;7;24, STRASBOURG BOULEVARD;;;;490
200600067512;6;11;8;800;1;2;6;1;6;353;0, PERREYEUX;;;;490
200600067513;6;11;8;1502;1;2;1;1;3;7;0, MILLOT BOULEVARD JACQ;;;;490
200600067515;6;11;10;1637;1;2;1;1;3;7;0, PASTEUR AVENUE;;;;490
200600067533;6;11;21;1716;2;2;1;8;6;7;35, MAILLE;;;;490
200600067546;6;11;27;1614;1;2;5;1;3;7;18, BIRGE BOULEVARD;;;;490
200600067547;6;11;28;655;5;2;2;2;3;15;0, DUNANT RUE HENRI ET R;;;;490
200600067588;6;11;8;845;1;2;2;1;6;108;SAINTE MENEHOULD (AVE DE;;;;510
200600067594;6;11;1;900;1;2;3;1;3;58;TETES DE FER (CHEMIN DES;;;;510
200600067604;6;11;14;735;1;2;3;2;3;454;SUTAINE (RUE);;;;510
200600067628;6;11;10;1315;1;2;1;1;6;121;0, ROBESPIERRE (PASSAGE);;;;520
200600067629;6;11;20;1800;5;2;1;2;2;121;27, BOURGOGNE (RUE DE);;;;520
200600067637;6;11;8;1630;1;2;1;1;7;448;69, CHAMPAGNE (RUE DE);;;;520
200600067638;6;11;11;1650;1;2;1;1;7;448;91, ETATS UNIS (AVENUE D;;;;520
200600067642;6;11;22;1410;1;2;3;1;3;448;5, PASTEUR (AVENUE);;;;520
200600067657;6;11;2;1300;1;2;1;1;6;300;1, GALTIER (RUE LUCIEN);;;;540
200600067689;6;11;24;1005;1;2;1;1;6;395;38, HAGUENAUER (RUE DU G;;;;540
200600067720;6;11;8;1756;2;2;1;1;7;107;., KERGUELEN (RUE DE);;;;560
200600067725;6;11;13;1400;1;2;1;2;6;121;2, QUEUDET ( AV RAYMOND;;;;560
200600067757;6;11;18;1206;1;2;6;8;3;260;., RESISTANCE(BLD DE LA);;;;560
200600067761;6;11;7;750;2;2;2;5;6;660;PUITS SIMON (RUE DU);;;;570
200600067786;6;11;15;1345;1;2;2;1;6;631;22, STEINBACH (RUE DE);;;;570
200600067811;6;11;14;1410;1;2;1;1;3;194;DOCKS;;;;580
200600067819;6;11;28;1820;5;2;1;2;3;194;17, GENERAL DE GAULLE;;;;580
200600067831;6;11;14;1330;1;2;3;1;3;361;0, CARNOT (R.);;;;590
200600067836;6;11;4;1850;5;2;1;1;1;183;0.000, MARDYCK - QUAI;;;;590
200600067840;6;11;13;1210;1;2;3;1;3;183;0.000, GARENNES;;;;590
200600067842;6;11;15;1150;1;2;1;1;6;540;0.000, BERTEAUX MAURICE;;;;590
200600067851;6;11;28;1730;4;2;1;2;3;271;0.000, SUWALKI - AVENUE;;;;590
200600067899;6;11;17;1910;5;2;1;1;3;328;LILLE RUE DE;;;;590
200600067907;6;11;21;1226;1;2;1;7;3;350;DOREZ BARTHELEMY PLACE;;;;590
200600067924;6;11;25;1135;1;2;2;1;3;360;FRERES LUMIERES RUE DES;;;;590
200600067949;6;11;17;810;1;2;2;1;3;512;COLLEGE (RUE DU);;;;590
200600067973;6;11;29;1810;5;2;2;1;3;646;MOLINEL (RUE DU);;;;590
200600067979;6;11;3;1915;5;2;1;2;2;90;SIX (ABBE)29A41;;;;590
200600067983;6;11;8;1920;5;2;2;2;1;599;MARNE (AVENUE DE LA);;;;590
200600067991;6;11;23;1745;5;2;2;2;6;599;., CURIE (CHAUSSEE PIERR;;;;590
200600068002;6;11;6;2355;5;2;2;1;6;606;AMSTERDAM (AVENUE D');;;;590
200600068013;6;11;29;1920;5;2;2;1;3;459;dix neuf mars 1962;;;;590
200600068022;6;11;14;100;5;2;9;1;2;159;GUYNEMER (COURS);;;;600
200600068032;6;11;21;1930;5;2;6;8;3;37;0, RUE ROGER SALENGRO;;;;620
200600068062;6;11;9;702;1;2;1;1;3;249;0, POILUS (R DES);;;;620
200600068065;6;11;26;1310;1;2;3;1;3;587;0, COURRIERES (RTE DE);;;;620
200600068145;6;11;23;1200;1;2;3;1;3;113;1, PIERRE SUR HAUTE;;;;630
200600068149;6;11;27;1110;1;2;9;1;6;113;., ROTONDE (RUE DE LA);;;;630
200600068163;6;11;6;1650;1;2;6;1;3;24;., GUYNEMER (AVENUE);;;;640
200600068164;6;11;6;1715;1;2;3;1;3;102;., PAUL BERT (PLACE);;;;640
200600068166;6;11;7;930;1;2;1;1;3;24;ADOUR (AVENUE DE L');;;;640
200600068171;6;11;13;1350;1;2;1;1;3;102;REDUIT (PLACE DU);;;;640
200600068190;6;11;5;1710;1;2;1;1;6;132;1, D100;;;;640
200600068196;6;11;8;1554;1;2;1;1;3;445;1, EMILE GARET;;;;640
200600068209;6;11;17;1340;1;2;6;1;3;129;1, RESISTANCE;;;;640
200600068211;6;11;23;755;1;2;1;1;3;445;1, AMBROISE BORDELONGUE;;;;640
200600068212;6;11;23;1630;1;2;3;1;3;348;36, ERCKMAN CHATRIAN;;;;640
200600068218;6;11;29;915;1;2;6;1;3;445;COMMUNE DE LA;;;;640
200600068219;6;11;28;954;1;1;1;1;1;237;CAPDEROU DE;;;;640
200600068221;6;11;28;1330;1;2;2;1;3;445;ALSACE LORRAINE D';;;;640
200600068222;6;11;29;910;1;2;1;1;3;335;1, PASTEUR;;;;640
200600068223;6;11;29;1817;5;2;1;1;3;445;GENERAL DE GAULLE DU;;;;640
200600068224;6;11;30;1710;5;2;3;1;3;445;60, LAURIERS DES;;;;640
200600068247;6;11;8;1430;1;2;1;1;3;440;12, FOURCADE (RUE ANDRE);;;;650
200600068249;6;11;14;805;1;2;2;1;1;440;., BRAUHAUBAN (RUE);;;;650
200600068251;6;11;15;1105;1;2;1;1;3;47;2, FERRY (RUE JULES);;;;650
200600068260;6;11;27;2012;5;2;1;1;3;440;5, DALLOZ (RUE LEON);;;;650
200600068280;6;11;7;821;1;2;3;5;3;482;0, MARKSGARTEN (RUE DU);;;;670
200600068281;6;11;7;1750;5;2;2;1;3;447;0, PETITS CHAMPS (RUE DE;;;;670
200600068283;6;11;10;1835;5;2;1;1;3;482;00, FORET NOIRE (AVENUE;;;;670
200600068296;6;11;21;700;2;2;9;1;6;218;13, VERGER (RUE DU);;;;670
200600068297;6;11;21;1125;1;2;3;3;3;482;JEAN JAURES (AVENUE);;;;670
200600068302;6;11;25;1350;1;2;1;1;2;482;0, FAUBOURG DE SAVERNE (;;;;670
200600068303;6;11;25;1424;1;2;2;1;3;482;0, FUSTEL DE COULANGES (;;;;670
200600068313;6;11;15;1145;1;2;2;1;3;66;30, NORD (RUE DU);;;;680
200600068315;6;11;28;700;5;2;1;5;6;66;EUROPE (AVENUE DE L');;;;680
200600068320;6;11;6;805;1;2;3;1;3;224;15, MITTERRAND (AVENUE F;;;;680
200600068332;6;11;7;1345;1;2;1;1;3;29;FRANKLIN ROOSEVELT;;;;690
200600068364;6;11;13;1831;5;2;3;2;3;266;277, COURS EMILE ZOLA;;;;690
200600068366;6;11;13;1200;1;2;1;8;6;266;162, RUE FRANCIS DE PRES;;;;690
200600068371;6;11;29;1555;1;2;1;1;6;266;33, RUE LAFONTAINE;;;;690
200600068395;6;11;27;1615;1;1;1;1;3;105;BALME (CHEMIN DE);;;;710
200600068442;6;11;11;1700;1;2;1;1;3;10;BROGNY (AVENUE DE) (SECT;;;;740
200600068443;6;11;17;1728;5;2;3;2;3;10;FIER (BOULEVARD DU));;;;740
200600068454;6;11;20;715;2;2;1;1;3;298;TANINGES (ROUTE DE );;;;740
200600068467;6;11;1;1145;1;2;1;1;7;16;RTE DES TRIBUNES;;;;750
200600068468;6;11;2;925;1;2;1;1;3;15;4 BD GL MARTIAL VALIN;;;;750
200600068473;6;11;4;45;5;2;1;1;6;10;6 BD DE MAGENTA;;;;750
200600068479;6;11;7;1800;5;2;1;1;3;15;162 BD DE GRENELLE;;;;750
200600068480;6;11;8;1440;1;2;3;1;6;13;R NATIONALE BD VINCENT A;;;;750
200600068489;6;11;11;1640;1;2;1;1;3;15;54 R LOUIS ARMAND;;;;750
200600068502;6;11;16;2045;5;2;2;2;3;8;R DE L ARCADE BD HAUSSMA;;;;750
200600068517;6;11;2;220;5;2;3;1;3;13;AV CLAUDE REGAUD PL DOCT;;;;750
200600068530;6;11;3;1700;1;2;3;1;3;11;R DE CHARONNE PAS CHARLE;;;;750
200600068584;6;11;6;1155;1;2;1;1;3;4;2 R COUTELLERIE;;;;750
200600068628;6;11;8;450;5;2;1;1;3;10;38 BD DE MAGENTA;;;;750
200600068647;6;11;8;1045;1;2;1;1;3;19;75 AV DE FLANDRE;;;;750
200600068662;6;11;9;1710;1;2;2;1;3;14;R D ALESIA R DIDOT;;;;750
200600068682;6;11;10;735;1;2;1;1;6;10;189 QU DE VALMY;;;;750
200600068706;6;11;11;2210;5;2;1;8;7;13;18 R DE TOLBIAC;;;;750
200600068715;6;11;12;2250;5;2;2;2;3;11;AV DE LA REPUBLIQUE BD R;;;;750
200600068728;6;11;13;1900;5;2;1;2;7;6;44 BD DU MONTPARNASSE;;;;750
200600068749;6;11;14;1045;1;2;1;1;3;6;2 R DE MEDICIS;;;;750
200600068751;6;11;14;915;1;2;2;1;3;8;PO ALEXANDRE III CRS LA;;;;750
200600068764;6;11;15;1948;1;2;1;1;3;8;82 R DE ROME;;;;750
200600068770;6;11;29;1245;1;2;1;1;3;18;56 R STEPHENSON;;;;750
200600068779;6;11;16;1515;1;2;1;2;6;1;4 BD DU PALAIS;;;;750
200600068795;6;11;16;955;1;2;2;2;7;15;PL CAMBRONNE AV DE LOWEN;;;;750
200600068824;6;11;20;1205;1;2;2;2;3;13;BD MASSENA AV PORTE DE V;;;;750
200600068836;6;11;10;1830;5;2;3;1;3;12;QU DE LA RAPEE R TRAVERS;;;;750
200600068850;6;11;14;845;1;2;1;1;3;10;48 BD DE STRASBOURG;;;;750
200600068856;6;11;16;850;1;2;1;2;3;9;9 BD DE ROCHECHOUART;;;;750
200600068888;6;11;18;1220;1;2;1;1;4;5;4 R DE LA SORBONNE;;;;750
200600068900;6;11;18;1250;1;2;1;1;3;20;8 AV GAMBETTA;;;;750
200600068914;6;11;20;1710;5;2;2;2;3;6;R MADAME R DE VAUGIRARD;;;;750
200600068923;6;11;20;1450;1;2;1;2;3;13;L9780 QU D IVRY;;;;750
200600068943;6;11;21;850;1;2;1;1;6;12;6 BD DE LA BASTILLE;;;;750
200600068946;6;11;21;1300;1;2;1;1;3;15;158 R CROIX NIVERT;;;;750
200600068953;6;11;21;1215;1;2;1;1;3;17;46 JOUFFROY D ABBANS;;;;750
200600068954;6;11;21;832;1;2;1;1;3;18;28 AV DE SAINT OUEN;;;;750
200600068959;6;11;22;1855;5;2;1;2;3;3;32 BD BEAUMARCHAIS;;;;750
200600068967;6;11;22;1630;1;2;1;1;3;11;10 R DES BOULETS;;;;750
200600068969;6;11;22;1450;1;2;2;1;2;11;R DE MONTREUIL BD VOLTAI;;;;750
200600068970;6;11;22;1215;1;2;1;1;3;11;8 BD RICHARD LENOIR;;;;750
200600068992;6;11;23;2010;5;2;1;1;3;11;28 R CHEMIN VERT;;;;750
200600069000;6;11;23;1730;2;2;1;2;1;15;100 R DE LA CONVENTION;;;;750
200600069032;6;11;24;1725;1;2;2;2;3;14;AV E REYER AV PTE DE MON;;;;750
200600069063;6;11;19;1950;5;2;1;1;3;9;26 R LAFFITTE;;;;750
200600069076;6;11;25;820;1;2;2;1;2;7;BD DES INVALIDES R DE SE;;;;750
200600069079;6;11;25;1705;5;2;1;2;1;11;82 R FG SAINT ANTOINE;;;;750
200600069085;6;11;25;1345;1;2;5;1;6;17;R GUY MOQUET R LEGENDRE;;;;750
200600069100;6;11;26;1100;1;2;1;1;7;16;L14589 RTE DES TRIBUNES;;;;750
200600069108;6;11;27;1945;5;2;1;1;3;9;38 R  DU FG MONTMARTRE;;;;750
200600069110;6;11;27;1700;5;2;2;1;3;11;BD DE BELLEVILLE R JEAN;;;;750
200600069115;6;11;27;1800;5;2;1;1;3;13;36 QU D AUSTERLITZ;;;;750
200600069136;6;11;28;910;1;2;2;1;3;9;BD HAUSSMANN BD DES ITAL;;;;750
200600069138;6;11;28;1455;1;2;3;2;3;10;BD DE MAGENTA R DE NANCY;;;;750
200600069181;6;11;30;910;1;2;3;1;3;4;PL DE LA BASTILLE R SAIN;;;;750
200600069187;6;11;30;1950;5;2;3;1;3;12;BD DE LA BASTILLE PL DE;;;;750
200600069193;6;11;30;1905;5;2;1;1;6;15;152 R SAINT CHARLES;;;;750
200600069232;6;11;2;1115;1;2;1;1;2;561;0, CHURCHILL. RUE WINSTO;;;;760
200600069248;6;11;16;820;1;2;1;1;3;447;29, HOPITAL JACQUES MONO;;;;760
200600069256;6;11;4;1340;1;2;1;1;6;322;1, RAVEL. BOULEVARD MAUR;;;;760
200600069324;6;11;25;1235;1;2;1;2;6;186;, FERRARE (RUE DE);;;;770
200600069329;6;11;8;2045;5;2;1;1;1;284;1, TOURNAY (CHEMIN DU);;;;770
200600069332;6;11;16;1310;1;2;1;1;2;284;3, COSMONAUTES (BD.DES);;;;770
200600069335;6;11;18;1300;1;2;1;1;3;284;33, ROOSEVELT (AV.DU PDT;;;;770
200600069348;6;11;19;1500;1;2;3;1;2;288;1, LAVOISIER (RUE);;;;770
200600069365;6;11;9;830;1;2;3;1;3;48;52, MURGER (RUE);;;;770
200600069417;6;11;6;720;5;2;6;1;3;165;PROU (AVENUE HENRI);;;;780
200600069435;6;11;29;1455;1;2;1;1;1;498;03, GRANDS CHAMPS RUE DE;;;;780
200600069477;6;11;1;1415;1;2;2;1;6;158;RUEIL (ROUTE DE);;;;780
200600069478;6;11;6;1225;1;2;6;1;3;646;LOI (PLACE DE LA);;;;780
200600069487;6;11;24;830;1;2;1;8;6;646;Néant, BONNE AVENTURE (R;;;;780
200600069504;6;11;5;835;1;2;1;1;1;21;10, OTAGES (RUE DES);;;;800
200600069509;6;11;7;745;2;2;1;1;3;21;59, DOULLENS (RUE DE);;;;800
200600069511;6;11;9;1635;1;2;1;1;2;21;0, ROUEN (RUE DE);;;;800
200600069512;6;11;9;730;2;2;1;8;1;21;114, ROBERT LE COQ (RUE);;;;800
200600069517;6;11;10;750;5;2;1;1;3;21;0, RESISTANCE (RUE DE LA;;;;800
200600069524;6;11;13;945;1;2;1;1;3;21;0, SAINT QUENTIN (BOULEV;;;;800
200600069529;6;11;20;1300;1;2;1;2;3;131;DEPORTES RESISTANTS (RUE;;;;800
200600069551;6;11;15;1130;1;2;1;1;3;65;27, FOCH (BD.MARECHAL);;;;810
200600069578;6;11;28;1716;5;2;1;1;2;61;0, BOULEVARD SÉVERIN DEC;;;;830
200600069591;6;11;27;1820;5;2;2;1;3;126;HUIT MAI 1945 ( CARREFOU;;;;830
200600069614;6;11;7;1300;1;2;1;1;2;137;DOUAUMONT (PLACE);;;;830
200600069629;6;11;25;1320;1;1;1;1;2;90;SEYNE (ROUTE DE LA);;;;830
200600069634;6;11;2;1115;1;2;1;1;3;7;REINE JEANNE( Avenue de;;;;840
200600069651;6;11;16;905;1;2;1;1;3;7;SAINT RUF (Avenue);;;;840
200600069669;6;11;28;1050;1;2;6;1;3;7;AMANDIER (Avenue de l');;;;840
200600069683;6;11;27;1305;1;2;2;1;6;87;ANCIEN COLLEGE (RUE);;;;840
200600069688;6;11;24;1200;1;2;6;2;3;191;1, BRIAND BOULEVARD ARIS;;;;850
200600069697;6;11;2;1340;1;2;2;1;3;194;JOHN KENNEDY (AVENUE);;;;860
200600069703;6;11;12;1535;1;2;1;1;3;194;., RECTEUR PINEAU (AVENU;;;;860
200600069706;6;11;20;820;1;2;3;8;3;194;PIERRE LEVEE (RUE DE LA);;;;860
200600069746;6;11;17;810;1;2;1;2;6;85;46, FREDON (RUE JEAN);;;;870
200600069775;6;11;15;1010;1;2;3;7;3;209;60, LORRAINE (RUE DE);;;;880
200600069797;6;11;4;1515;1;2;1;1;2;10;TURENNE (RUE DE);;;;900
200600069799;6;11;16;1135;1;2;1;1;6;75;21, BRIAND (RUE ARISTIDE;;;;900
200600069808;6;11;23;830;1;2;2;2;3;10;BRISACH (AVENUE DE);;;;900
200600069919;6;11;30;1830;5;2;9;1;7;570;MONTLHERY (RUE);;;;910
200600069920;6;11;1;1015;1;2;5;1;3;589;LEUTHREAU (AVENUE R) NO;;;;910
200600069932;6;11;28;1030;1;2;2;1;6;2;., ONZE NOVEMBRE (AVENUE;;;;920
200600069954;6;11;8;1320;1;2;1;1;6;12;63 bis, BILLANCOURT (RUE;;;;920
200600069999;6;11;24;1925;5;2;1;2;2;25;CHAMPY (RUE);;;;920
200600070016;6;11;6;1405;1;2;1;1;2;36;0, LAURENT CELY (AVENUE);;;;920
200600070033;6;11;7;1410;1;2;1;1;6;44;174, VIC. HUGO(RUE)115A1;;;;920
200600070038;6;11;27;1545;1;2;3;1;3;44;nr, RIVAY(RUE)1A23 ET 2A;;;;920
200600070082;6;11;24;1730;5;2;2;2;3;62;00, WALLACE (BD RICHARD);;;;920
200600070103;6;11;1;1210;1;2;4;1;3;22;SALENGRO (AVENUE ROGER);;;;920
200600070105;6;11;10;1750;5;2;1;1;6;72;14, CRISTALLERIE (AVENUE;;;;920
200600070124;6;11;22;800;1;2;3;1;6;75;JULLIEN (RUE);;;;920
200600070136;6;11;15;1855;5;2;1;1;3;1;156, VICTOR HUGO (AVE);;;;930
200600070169;6;11;2;1120;1;2;1;1;3;27;49, CONVENTION (RUE DE L;;;;930
200600070172;6;11;27;2245;5;2;1;1;6;30;07, HUIT-MAI-1945 (AVENU;;;;930
200600070175;6;11;6;1830;5;2;2;1;2;29;HENRI BARBUSSE (AVE) N°1;;;;930
200600070184;6;11;23;1815;5;2;1;3;3;29;276, JEAN JAURES (AVENUE;;;;930
200600070188;6;11;5;1230;1;2;1;1;3;31;46, CDT LOUIS BOUCHET (A;;;;930
200600070217;6;11;16;955;1;2;2;2;3;46;NR, PHILIPPE LEBON RUE;;;;930
200600070230;6;11;15;1830;5;2;1;1;1;48;., SAINT MANDE (RUE DE);;;;930
200600070234;6;11;30;640;5;2;2;1;3;48;CHANZY (BOULEVARD);;;;930
200600070258;6;11;13;500;5;2;2;1;1;53;9999999999, ANATOLE FRAN;;;;930
200600070321;6;11;2;910;1;2;1;1;3;78;DAMBEL (AVENUE EMILE);;;;930
200600070326;6;11;21;1927;5;2;1;2;3;78;BALLANGER (BD ROBERT);;;;930
200600070372;6;11;26;920;1;2;1;1;7;18;48, GRAVELLE (AV DE);;;;940
200600070387;6;11;1;1410;1;2;1;1;3;28;1, LARMINAT(RUE DU GENER;;;;940
200600070390;6;11;4;1810;3;2;1;1;6;11;BICENTENAIRE.(AVENUE DU);;;;940
200600070400;6;11;22;1625;1;2;1;1;6;28;0, BOEUFS(CHEMIN DES);;;;940
200600070454;6;11;21;1820;5;2;1;2;5;65;BOULEVARD CIRCULAIRE ( M;;;;940
200600070456;6;11;29;850;1;2;9;1;2;21;ARMAND PETITJEAN (R);;;;940
200600070463;6;11;1;1430;1;2;1;1;1;41;11, PIERRE RIGAUD (R);;;;940
200600070473;6;11;7;1055;1;2;1;1;3;46;253, GENERAL LECLERC (AV;;;;940
200600070484;6;11;16;1800;5;2;1;2;3;58;2, BRY (AV DE);;;;940
200600070485;6;11;18;1835;3;2;1;1;3;58;NC, CHARLES DE GAULLE (G;;;;940
200600070509;6;11;11;1130;1;2;2;2;6;74;0, LE CHEMIN DES BOEUFS;;;;940
200600070528;6;11;29;1440;1;2;2;1;3;67;32, VICTOR HUGO (AV);;;;940
200600070530;6;11;9;1855;5;2;2;1;3;81;162, ROUGET DE L ISLE (A;;;;940
200600070540;6;11;28;815;1;2;1;1;6;81;Place, MAXIMILIEN ROBESP;;;;940
200600070550;6;11;8;700;2;2;1;1;3;18;ENGHIEN (ROUTE D' );;;;950
200600070577;6;11;15;1455;1;2;1;1;6;203;MONTLIGNON (ROUTE DE);;;;950
200600070592;6;11;10;1910;3;1;6;1;2;487;JACQUES VOGT (AVENUE);;;;950
200600070594;6;11;29;835;1;2;2;1;3;504;ALEXANDRE PRACHAY;;;;950
200600070961;6;11;9;1600;1;2;2;1;3;386;RUE SULLY;;;;690
200600070967;6;11;15;2010;5;2;1;1;3;383;RUE D AUBIGNY;;;;690
200600070981;6;11;28;1720;2;2;1;1;6;383;239, RUE GARIBALDI;;;;690
200600071167;6;11;30;2040;3;1;1;1;2;229;PK 1+971;M;0.0;0.0;590
200600071207;6;11;11;1330;1;2;1;1;7;798;Route nationale;M;0.0;0.0;800
200600071218;6;11;17;1500;1;2;1;7;3;199;route d'alebert;M;0.0;0.0;800
200600071234;6;11;1;1815;3;2;1;7;1;299;route de NEUFCHATEL;M;4945000.0;404000.0;20
200600071298;6;11;19;1100;1;1;1;1;1;614;CD67;M;0.0;0.0;760
200600071303;6;11;3;1100;1;1;1;1;1;659;;M;0.0;0.0;760
200600071322;6;11;18;1530;1;2;1;1;6;281;rue des Boschions;M;0.0;0.0;270