Num_Acc;an;mois;jour;hrmn;lum;agg;int;atm;col;com;adr;gps;lat;long;dep
200600071363;6;11;4;1730;1;1;3;1;3;121;;M;0.0;0.0;350
200600071368;6;11;26;1120;1;2;1;1;1;54;rue des Calvaires;M;0.0;0.0;350
200600071393;6;11;3;1730;2;2;1;1;3;162;Route de Landouezec;M;4877300.0;-307500.0;220
200600071394;6;11;3;2015;3;1;1;1;2;242;;M;4862000.0;-242000.0;220
200600071399;6;11;29;1615;1;1;1;7;2;77;;M;0.0;0.0;220
200600071406;6;11;2;1200;1;1;2;1;5;353;Carrefour du Calvaire;M;4881200.0;-350200.0;220
200600071412;6;11;5;2030;5;2;1;1;6;220;QUAI PORS MORO;M;4787100.0;-421200.0;290
200600071458;6;11;1;930;1;2;2;7;3;365;/ Avenue Henry de Blagny;M;0.0;0.0;140
200600071475;6;11;8;1900;3;1;1;2;1;431;Le Lieu Acher;M;4918000.0;-125100.0;500
200600071525;6;11;2;1100;1;2;1;1;1;54;Rue des chesnaies;M;0.0;0.0;440
200600071540;6;11;15;840;1;1;1;8;1;72;arrefour de Retz - CD 33;M;0.0;0.0;440
200600071543;6;11;29;1645;1;1;4;1;3;69;Métais et de la route de;M;0.0;0.0;440
200600071546;6;11;23;1710;1;2;1;1;3;129;Rue du chêne vert;M;0.0;0.0;440
200600071552;6;11;29;1345;1;1;1;1;3;278;four avec D 112 et D 411;M;0.0;0.0;490
200600071557;6;11;26;145;3;1;1;2;2;50;;M;4736200.0;-44300.0;490
200600071584;6;11;8;1830;2;2;1;1;3;97;boulevard maréchal juin;M;4815700.0;-40600.0;530
200600071596;6;11;7;1740;1;1;1;1;1;231;La Croix des Guettes;M;0.0;0.0;720
200600071628;6;11;23;745;3;1;1;2;3;19;;M;4678600.0;-143400.0;850
200600071662;6;11;9;1745;1;2;1;1;3;165;;M;4482800.0;-44300.0;330
200600071684;6;11;8;1530;1;2;1;1;3;4;LE BOURG;M;4516100.0;101700.0;240
200600071715;6;11;4;1600;1;1;1;1;1;288;lieu dit Lasbaradetes;M;0.0;0.0;470
200600071717;6;11;13;1600;1;2;1;1;3;157;rue ARAGO;M;0.0;0.0;470
200600071817;6;11;5;1420;1;1;1;1;3;156;'Le Moulin de la Cheze';M;0.0;0.0;870
200600071850;6;11;2;1215;1;1;1;1;3;379;;M;0.0;0.0;310
200600071851;6;11;6;1145;1;2;1;1;1;33;route nationale 20;M;4336100.0;146800.0;310
200600071870;6;11;17;1945;3;1;1;1;1;161;;M;4349300.0;154000.0;310
200600071915;6;11;8;1430;1;2;1;1;1;124;Zone Artisanale de Bel A;M;4371600.0;270500.0;810
200600071953;6;11;13;745;1;2;1;1;1;204;avenue Foch/rue Dufourt;M;4569300.0;478900.0;690
200600071962;6;11;26;1330;1;1;1;1;7;184;lieu dit les Abreuvoirs;M;0.0;0.0;690
200600071963;6;11;14;1540;1;1;1;7;7;257;Lieu dit POYARD;M;0.0;0.0;690
200600071971;6;11;11;1105;1;2;1;1;6;243;33 boulevard garibaldi;M;0.0;0.0;690
200600071973;6;11;18;1415;1;1;1;1;1;241;Sanciat;M;0.0;0.0;10
200600071983;6;11;8;1730;3;2;1;1;3;4;D 1075;M;0.0;0.0;10
200600071998;6;11;3;645;2;2;1;1;3;263;Ch.du Peleu - CD933;M;4609600.0;475900.0;10
200600072006;6;11;19;1130;1;1;1;1;7;240;route Rotisson;M;0.0;0.0;70
200600072010;6;11;27;1515;1;2;1;1;6;201;Avenue de Vallon;M;4445000.0;434800.0;70
200600072059;6;11;26;1315;1;2;1;1;6;97;CD55;M;4577800.0;518600.0;380
200600072081;6;11;3;1630;1;1;1;1;7;267;2195 route de Fleury;M;4617400.0;413000.0;420
200600072101;6;11;12;1445;1;1;1;1;1;104;PK 95.100;M;0.0;0.0;740
200600072134;6;11;1;1050;1;2;1;1;3;210;du Faubourg de l'Andoux;M;0.0;0.0;630
200600072167;6;11;8;1715;2;2;1;1;1;268;ROUTE DE RETOURNAC;M;4515000.0;410900.0;430
200600072275;6;11;5;2015;5;2;1;1;3;294;37 RUE MAURICE BURRUS;M;4826700.0;722100.0;680
200600072294;6;11;6;1230;1;2;1;1;2;535;Mail des Acacias;M;4872800.0;372100.0;510
200600072318;6;11;15;1045;1;2;1;1;1;142;CD 764;M;4969600.0;487500.0;80
200600072363;6;11;16;1820;3;1;1;1;2;257;RD 19;M;0.0;0.0;710
200600072368;6;11;18;1445;1;2;2;1;3;245;Les Cours Duriaux;M;0.0;0.0;710
200600072409;6;11;6;1530;1;1;1;1;3;57;;M;4753900.0;678700.0;250
200600072415;6;11;24;1720;5;1;1;1;2;463;CD 73 - Rue de Besançon;M;0.0;0.0;250
200600072425;6;11;15;1515;1;2;1;1;1;429;54 route du centre;M;0.0;0.0;390
200600072431;6;11;10;1515;1;1;1;1;3;312;;M;4759800.0;673100.0;700
200600072455;6;11;24;730;1;1;2;1;3;66;;M;0.0;0.0;130
200600072464;6;11;6;1535;1;1;1;1;1;7;Qt pont de joux;M;0.0;0.0;130
200600072466;6;11;9;945;1;1;1;1;3;3;;M;4371600.0;516100.0;130
200600072503;6;11;16;930;1;1;6;1;3;79;Rond point Balcon d'Azur;M;0.0;0.0;60
200600072533;6;11;5;1815;3;1;1;1;6;7;;M;0.0;0.0;830
200600072543;6;11;11;1200;1;1;1;1;1;107;;M;4345100.0;662700.0;830
200600072579;6;11;26;1100;1;2;1;1;1;78;Avenue des Embruscalles;M;4386600.0;390600.0;340
200600072593;6;11;5;1415;1;2;3;1;3;324;sses sous la tour / rue;M;0.0;0.0;340
200600072609;6;11;17;645;3;1;2;1;3;433;;M;4331400.0;249300.0;110
200600072610;6;11;12;1650;1;1;1;2;3;105;CD 118;M;0.0;0.0;110
200600072635;6;11;7;1500;1;1;1;8;7;210;;M;0.0;0.0;300
200600072744;6;11;2;1800;3;1;1;1;1;115;"lieu dit ""les Mallets""";M;0.0;0.0;450
200600072754;6;11;3;1745;3;1;1;1;3;184;;M;4708700.0;292500.0;180
200600072794;6;11;5;1730;1;1;1;1;2;199;;M;0.0;0.0;360
200600072906;6;11;21;745;2;2;3;2;1;27;oulevard de Schweighouse;M;0.0;0.0;690
200600072950;6;11;2;1545;1;2;3;1;3;229;27 Ch des Buclos;M;0.0;0.0;380
200600072961;6;11;6;900;1;2;1;1;1;213;rue du parc;M;0.0;0.0;660
200600072979;6;11;8;1800;3;1;1;2;5;852;;M;5093300.0;206600.0;620
200600073070;6;11;15;1700;1;1;1;7;2;154;;M;0.0;0.0;710
200600073106;6;12;12;755;2;1;2;8;2;88;CD 222 RUE DE FLEURBAIX;M;0.0;0.0;590
200600073107;6;12;7;1515;1;1;1;6;1;559;;M;5036100.0;364200.0;590
200600073148;6;12;15;1815;2;2;1;1;2;652;;M;0.0;0.0;620
200600073225;6;12;7;645;2;1;1;3;1;345;Cd 127;M;0.0;0.0;600
200600073279;6;12;24;1530;1;1;1;2;2;424;;M;4893300.0;94300.0;270
200600073326;6;12;12;1630;1;1;1;7;3;271;;M;0.0;0.0;350
200600073331;6;12;20;1720;1;2;1;1;3;219;Rue de la libération;M;0.0;0.0;350
200600073339;6;12;2;1745;2;2;6;8;3;360;rond point laval/jacobin;M;0.0;0.0;350
200600073347;6;12;29;1745;2;2;1;1;3;14;RUE DE LA FONTAINE;M;4801400.0;-129000.0;350
200600073356;6;12;12;1115;1;2;1;1;3;162;15 rue Jean renaud;M;4878000.0;-303500.0;220
200600073362;6;12;9;1100;1;1;1;8;1;240;lais - Bois de Plumaugat;M;0.0;0.0;220
200600073386;6;12;12;1700;1;2;6;1;1;260;rond point rte de Brest;M;0.0;0.0;290
200600073410;6;12;28;1400;1;1;2;1;4;119;;M;4769700.0;-311700.0;560
200600073433;6;12;7;1000;1;2;6;2;1;654;place Mazier;M;4902600.0;-2900.0;140
200600073451;6;12;27;1830;3;2;1;1;4;137;LE BIGNON;M;0.0;0.0;500
200600073464;6;12;9;1015;1;2;1;7;3;523;rue général de gaulle;M;4941300.0;-131700.0;500
200600073470;6;12;5;815;3;1;1;8;2;3;;M;0.0;0.0;500
200600073501;6;12;28;1900;3;1;1;1;5;41;;M;4712000.0;-158000.0;440
200600073523;6;12;1;2100;5;2;1;2;3;103;46 rue Jean Jaurès;M;0.0;0.0;440
200600073527;6;12;9;1200;1;2;1;1;3;45;route de la glacière;M;4729500.0;-186300.0;440
200600073550;6;12;14;1215;1;1;1;1;3;14;;M;0.0;0.0;530
200600073578;6;12;11;1230;1;2;1;2;2;51;rue Maurice Morand;M;0.0;0.0;850
200600073630;6;12;10;1;1;2;1;5;1;95;CD932 face à l'église;M;0.0;0.0;330
200600073643;6;12;15;745;2;2;1;9;2;324;nouveau pont;M;0.0;0.0;330
200600073707;6;12;8;1730;1;2;9;1;1;108;CD 430 / CD 29;M;0.0;0.0;640
200600073859;6;12;10;1745;3;1;1;1;1;271;CD 673;M;0.0;0.0;460
200600073861;6;12;15;1815;3;1;1;1;2;297;;M;4468400.0;126000.0;460
200600073872;6;12;13;1200;1;1;1;1;2;38;;M;4388000.0;189000.0;810
200600073973;6;12;8;900;1;1;6;8;3;314;3, rond-point des Gayets;M;0.0;0.0;380
200600073974;6;12;10;1515;1;2;1;1;1;314;rue des alpes;M;0.0;0.0;380
200600074006;6;12;6;1215;1;2;1;1;3;35;rue du général DE GAULLE;M;0.0;0.0;440
200600074016;6;12;7;1430;2;1;1;5;1;449;;M;0.0;0.0;380
200600074024;6;12;27;1145;1;1;1;1;1;265;;M;4544000.0;474600.0;420
200600074059;6;12;3;1545;1;1;1;1;3;315;;M;4637000.0;632100.0;740
200600074200;6;12;28;1545;1;1;1;1;7;101;;M;4853300.0;749900.0;670
200600074244;6;12;18;1545;1;1;1;1;2;482;;M;0.0;0.0;510
200600074318;6;12;1;1900;3;1;1;5;1;342;;M;4711200.0;533000.0;210
200600074385;6;12;22;1500;1;2;3;1;3;415;Rue du centre;M;0.0;0.0;390
200600074413;6;12;7;1130;1;2;1;1;1;4;ournayre-SALIN DE GIRAUD;M;0.0;0.0;130
200600074427;6;12;1;1525;1;2;1;1;1;108;Route nationale  85;M;0.0;0.0;40
200600074430;6;12;22;1700;2;2;1;1;1;149;rue du vieil moulin;M;0.0;0.0;40
200600074433;6;12;31;1055;1;1;1;1;2;104;CD950;M;0.0;0.0;40
200600074461;6;12;14;1630;1;1;6;1;1;79;;M;0.0;0.0;60
200600074547;6;12;14;1530;1;1;1;1;3;299;CD 64, PK 8+30;M;0.0;0.0;340
200600074565;6;12;11;1315;1;2;1;7;1;206;cd118/ rue pont de Franc;M;4305800.0;221400.0;110
200600074584;6;12;13;1600;1;2;1;1;1;259;;M;4408200.0;411600.0;300
200600074646;6;12;29;740;3;2;1;1;2;562;1, lieu dit les Bruyères;M;0.0;0.0;780
200600074686;6;12;2;1030;1;1;6;1;3;508;;M;4882400.0;281800.0;770
200600074706;6;12;14;1715;5;2;1;1;1;146;Rue de la Libération;M;4772000.0;194800.0;450
200600074714;6;12;19;930;1;1;3;7;3;116;;M;0.0;0.0;450
200600074720;6;12;5;1700;1;1;1;1;3;254;;M;0.0;0.0;450
200600074733;6;12;21;1215;1;2;1;7;1;23;CD 10;M;4707800.0;272600.0;180
200600074736;6;12;7;845;1;2;1;1;3;108;Avenue du Gravier;M;0.0;0.0;180
200600074764;6;12;3;940;1;1;1;7;2;98;RD 960;M;0.0;0.0;360
200600074798;6;12;18;1645;1;1;1;1;1;150;;M;4780900.0;-362700.0;290
200600074873;6;12;1;1215;1;2;1;1;1;194;rue du collège;M;0.0;0.0;670
200600074941;6;12;3;1210;1;2;9;1;3;279;Avenue des barques;M;4550600.0;425500.0;420
200600074962;6;12;1;1200;1;1;1;1;1;337;;M;4352500.0;383000.0;340
200600075015;6;12;15;1445;1;1;1;1;5;547;;M;;;310
200600075016;6;12;1;2100;3;2;1;1;5;117;rue de beaucaire;M;0.0;0.0;300
200600075023;6;12;29;1115;1;2;1;1;1;374;CD 49;M;5000900.0;151300.0;760
200600075067;6;12;14;1925;5;2;3;1;3;185;SANS, REPUBLIQUE ( AV. D;;;;30
200600075072;6;12;5;1722;5;2;1;1;3;190;6, HALLES (RUE ET PLACE);;;;30
200600075073;6;12;4;1442;1;2;3;2;3;190;20, PARIS (ROUTE ET RUE);;;;30
200600075118;6;12;7;1645;1;2;3;1;3;27;PLAGE BOULEVARD DE LA;;;;60
200600075222;6;12;9;1620;1;2;2;1;6;88;4, DURANTE (AV.);;;;60
200600075270;6;12;19;1145;1;1;3;1;3;159;, ALBERT 1ER (AVENUE);;;;60
200600075275;6;12;20;1447;1;2;1;1;6;88;2, CIMIEZ (BD) JUSQU'AU;;;;60
200600075322;6;12;29;2140;5;2;1;1;5;88;0, RIVOLI (R. DE);;;;60
200600075343;6;12;15;1730;5;2;3;1;3;333;AUXERRE (ROUTE);;;;100
200600075377;6;12;26;1339;1;2;4;1;2;1;1, RN 296;;;;130
200600075399;6;12;15;1715;3;2;1;1;2;54;ESTEOU  CHEMIN DE L';;;;130
200600075465;6;12;26;1930;5;2;1;1;7;55;face 115, BELLE DE MAI (;;;;130
200600075567;6;12;12;1730;2;2;1;1;6;55;378, MAZARGUES (AVENUE D;;;;130
200600075700;6;12;15;1815;5;2;1;1;1;118;0, JUIN (BOULEVARD MAREC;;;;140
200600075725;6;12;1;1505;1;2;2;1;3;300;48, CREPEAU   AVENUE MIC;;;;170
200600075728;6;12;5;1638;1;2;3;2;6;300;12, ALBERT IER   RUE;;;;170
200600075740;6;12;13;920;1;2;1;1;2;300;GUITON   AVENUE JEAN (9/;;;;170
200600075752;6;12;24;1205;1;2;2;1;3;200;001, NOUVEAU   RUE DU FI;;;;170
200600075808;6;12;15;1315;1;2;7;8;3;231;PONT DES TANNERIES (DU);;;;210
200600075815;6;12;19;945;1;2;1;1;3;231;3, FAUBOURG RAINES (DU);;;;210
200600075832;6;12;31;1035;1;1;1;2;1;215;102, ST-BARTHELEMY (RUE;;;;220
200600075846;6;12;11;1700;2;2;1;2;3;278;PARIS (DE);;;;220
200600075848;6;12;16;1700;1;2;1;1;6;278;0, GARE (DE LA);;;;220
200600075860;6;12;4;816;2;2;2;3;3;322;SALTGOURDE (CHEMIN DE );;;;240
200600075866;6;12;2;1730;4;2;1;2;6;56;3, PALAIS DE JUSTICE RUE;;;;250
200600075874;6;12;7;943;1;2;3;1;3;56;sans, SELLIER RUE VICTOR;;;;250
200600075878;6;12;8;1150;1;2;1;1;3;56;22, MARMIER RUE XAVIER;;;;250
200600075880;6;12;11;1530;1;2;2;1;3;56;1, MARCEAU  AV. COMMANDA;;;;250
200600075903;6;12;16;1325;1;2;1;1;6;281;ALLEE 8, DUNANT HENRI (B;;;;260
200600075913;6;12;16;1710;2;2;1;2;7;362;sans n, ASTI  RUE D';;;;260
200600075944;6;12;9;825;1;2;9;1;6;681;VERDUN (RUE DE);;;;270
200600075948;6;12;18;820;1;2;9;1;6;681;DEVOS (BOULEVARD JULIEN);;;;270
200600075977;6;12;4;1230;1;1;1;2;3;19;LE GORGEU (N°29 (TOTAL)+;;;;290
200600075978;6;12;4;1325;1;2;1;2;7;19;KIEL;;;;290
200600075998;6;12;20;1545;1;2;6;7;2;19;., PLYMOUTH (N° 175);;;;290
200600076034;6;12;7;919;1;2;2;1;3;189;..., BERNARD CLAUDE (RUE;;;;300
200600076084;6;12;2;730;5;2;1;1;1;555;33, AV DE LYON;;;;310
200600076089;6;12;1;1525;1;2;1;1;2;555;999, BOULINGRIN;;;;310
200600076104;6;12;6;1525;1;2;1;1;3;555;01, AV DE LOMBEZ;;;;310
200600076106;6;12;6;1900;2;2;1;1;6;555;2, AV FRIZAC;;;;310
200600076116;6;12;8;1705;2;2;1;2;6;555;30, RUE D ALSACE LORRAIN;;;;310
200600076119;6;12;9;1850;5;2;1;1;3;555;7, BD DE MARENGO;;;;310
200600076125;6;12;11;1514;1;2;1;1;2;555;999, BD DES CRETES;;;;310
200600076131;6;12;13;1955;5;2;1;1;2;555;53 BIS, RTE DE NARBONNE;;;;310
200600076134;6;12;14;835;2;2;1;5;6;555;999, PONT DES DEMOISELLE;;;;310
200600076139;6;12;15;940;1;2;1;1;6;555;75, RUE D ALSACE LORRAIN;;;;310
200600076146;6;12;18;745;5;2;1;1;3;555;55, BD DEODAT DE SEVERAC;;;;310
200600076150;6;12;19;940;1;2;4;1;3;555;01 BIS, ALL EDOUARD BRAN;;;;310
200600076152;6;12;19;1727;1;2;1;1;6;555;83, RUE D ALSACE LORRAIN;;;;310
200600076154;6;12;20;1720;2;2;3;1;6;555;999, RUE DE METZ;;;;310
200600076160;6;12;21;1850;5;2;1;1;2;555;999, ALL PAUL FEUGA;;;;310
200600076161;6;12;19;1720;2;2;1;1;3;555;BD DE L EMBOUCHURE;;;;310
200600076184;6;12;5;1350;1;2;1;1;2;529;42, SAINT-EXUPERY (AVE);;;;330
200600076188;6;12;29;1730;5;2;1;1;6;63;PONT DE PIERRE;;;;330
200600076195;6;12;29;643;5;2;1;5;5;522;151, RUE DE LEYSOTTE;;;;330
200600076205;6;12;5;810;2;2;3;1;3;63;RUE LEO SAIGNAT;;;;330
200600076252;6;12;13;1754;5;2;2;1;3;63;BD GEORGES POMPIDOU;;;;330
200600076269;6;12;15;1335;1;2;4;1;6;281;RUE RAOUL AMAT;;;;330
200600076271;6;12;12;1640;1;2;1;1;3;192;CRS DU GENERAL DE GAULLE;;;;330
200600076284;6;12;14;1115;1;2;2;5;3;192;RTE DE LEOGNAN;;;;330
200600076285;6;12;20;805;2;2;2;2;1;318;RUE ANDRE PUJOL;;;;330
200600076296;6;12;24;1000;1;2;1;8;3;63;32, CRS DE L'YSER;;;;330
200600076302;6;12;20;755;2;2;6;1;3;318;ALL MAINE DE BIRAN;;;;330
200600076316;6;12;11;1320;1;2;1;1;7;3;, MONT-SAINT LOUP (RUE D;;;;340
200600076351;6;12;4;1730;5;2;3;1;3;172;PEQUET (RUE HENRI);;;;340
200600076358;6;12;7;1545;1;2;3;1;3;198;NC, PAGNOL (AVENUE MARCE;;;;340
200600076359;6;12;7;2325;5;2;1;1;2;172;165, RIMBAUD (RUE PAUL);;;;340
200600076363;6;12;8;1715;5;2;1;2;6;172;sans n, MILHAUD (BOULEVA;;;;340
200600076374;6;12;13;1618;1;2;1;1;3;172;405, GENES (RUE DE);;;;340
200600076427;6;12;8;1925;5;2;1;2;3;238;63, VILLEBOIS MAREUIL (B;;;;350
200600076431;6;12;9;1100;1;2;2;2;3;238;00, BUFFON (RUE NADAULT;;;;350
200600076451;6;12;20;1905;5;2;3;1;3;238;00, VILLEBOIS MAREUIL (B;;;;350
200600076483;6;12;27;902;1;2;1;1;6;44;54, VERDUN (AV DE);;;;360
200600076490;6;12;7;1330;1;2;1;1;3;122;DOUZILLIERE (RUE DE LA);;;;370
200600076503;6;12;16;1922;5;2;1;2;6;261;SCELLERIE (RUE DE LA);;;;370
200600076505;6;12;1;1720;5;2;1;1;6;185;00, ESMONIN (AVENUE ED.);;;;380
200600076510;6;12;6;2105;5;2;2;1;3;185;9, REPUBLIQUE (RUE DE LA;;;;380
200600076512;6;12;8;1240;1;2;1;1;3;185;43, BERTHELOT (AV. M.)MA;;;;380
200600076518;6;12;15;1030;1;2;2;1;6;185;., SEMBAT (BOULEVARD A.);;;;380
200600076519;6;12;15;1650;2;2;3;1;1;185;4, EAUX CLAIRES (RUE DES;;;;380
200600076523;6;12;18;440;5;2;2;1;3;421;00, PERI (AVENUE G.)GREN;;;;380
200600076524;6;12;19;1015;1;2;1;1;6;169;21, VERCORS (AVENUE DU);;;;380
200600076526;6;12;20;730;5;2;1;1;6;185;13, ALEMBERT (RUE D');;;;380
200600076537;6;12;27;1545;1;2;3;1;3;185;., NURSERY(RUE DE LA);;;;380
200600076550;6;12;9;1218;1;1;1;3;3;279;RESISTANCE (AVE DE LA);;;;400
200600076598;6;12;20;1200;1;2;2;1;3;187;1, CHERPIN (RUE HENRI);;;;420
200600076632;6;12;20;1800;4;2;1;1;3;132;VILLES BABIN (AVENUE DE;;;;440
200600076643;6;12;4;1345;1;2;1;2;6;109;1, RUE STANISLAS BAUDRY;;;;440
200600076655;6;12;7;1826;5;2;1;1;3;109;13, BOULEVARD VAN ISEGHE;;;;440
200600076672;6;12;14;1315;1;2;1;1;6;109;RUE ALEXANDRE FOURNY;;;;440
200600076678;6;12;14;1335;1;2;1;1;7;109;15, RUE EMILE SOUVESTRE;;;;440
200600076679;6;12;12;1700;1;2;2;1;6;109;1, BOULEVARD DES ANGLAIS;;;;440
200600076687;6;12;14;1730;2;2;6;1;3;114;RUE HUBERT DE LA BROSSE;;;;440
200600076698;6;12;20;1650;1;2;1;1;6;190;RUE DE LA JAUNAIE;;;;440
200600076706;6;12;26;1450;1;2;1;1;3;109;RUE DU PERRAY;;;;440
200600076707;6;12;22;1945;5;2;9;1;6;109;1, BOULEVARD AUGUSTE PEN;;;;440
200600076736;6;12;5;835;1;2;1;1;3;285;151, DOUMER (RUE PAUL);;;;450
200600076739;6;12;5;2005;5;2;1;2;3;234;29, SAINT JEAN (FAUBOURG;;;;450
200600076740;6;12;6;745;2;2;4;1;3;234;133, MURLINS (RUE DES MU;;;;450
200600076742;6;12;7;1230;1;2;2;3;3;286;BALLES (RUE DES);;;;450
200600076748;6;12;12;1205;1;2;2;1;3;234;BASSE MOUILLERE (RUE );;;;450
200600076759;6;12;20;1340;1;2;1;1;1;232;197, JOURDAN (RUE THEOPH;;;;450
200600076762;6;12;20;1805;5;2;2;1;3;286;GALLOUX (AVENUE GASTON);;;;450
200600076784;6;12;12;1218;1;2;3;1;3;201;PYRENEES (AVENUE DES);;;;470
200600076787;6;12;13;1945;5;2;1;1;1;1;LISBONNE (RUE);;;;470
200600076788;6;12;16;710;5;2;1;1;1;1;151, REPUBLIQUE (BOULEVA;;;;470
200600076790;6;12;15;1731;1;2;1;1;3;1;22, CALABET (QUAI DU DOC;;;;470
200600076797;6;12;16;1350;1;1;1;1;4;323;MONMARES (SUD);;;;470
200600076810;6;12;6;1534;1;2;1;1;2;7;10, PAPIN;;;;490
200600076812;6;12;7;750;5;2;3;3;3;7;0, SCHWEITZER;;;;490
200600076830;6;12;12;1813;5;2;1;1;6;7;0, FOCH BOULEVARD;;;;490
200600076831;6;12;15;917;1;2;1;1;2;7;67, MAIL;;;;490
200600076855;6;12;20;1024;1;2;1;1;3;7;0, PATTON AVENUE;;;;490
200600076923;6;12;25;1830;5;2;1;5;1;454;CHAMPAGNE (AVENUE);;;;510
200600076927;6;12;8;1715;5;2;4;1;6;121;0, THIERS (BLD);;;;520
200600076933;6;12;16;1410;1;2;4;2;3;130;2, VOLNEY ( BOULEVARD );;;;530
200600076961;6;12;11;1715;5;2;2;1;3;395;1, VAYRINGE (RUE);;;;540
200600076992;6;12;28;1145;1;2;3;1;6;482;1, ALEXANDRE 1ER (RUE);;;;540
200600077008;6;12;7;530;3;1;1;1;3;29;RN135;;;;550
200600077013;6;12;31;953;1;2;1;8;3;545;HUIT MAI 1945 ( DU );;;;550
200600077021;6;12;4;1151;1;2;9;1;2;121;., SVOB ( BOULEVARD EMMA;;;;560
200600077023;6;12;6;818;5;2;1;2;3;121;., PIAF (RUE  EDITH );;;;560
200600077032;6;12;12;1847;5;2;3;1;3;121;30, NORMANDIE ( BD ET IM;;;;560
200600077034;6;12;13;1729;5;2;4;1;2;121;., SAINT-CHRISTOPHE ( PO;;;;560
200600077037;6;12;12;955;1;2;1;1;6;121;., BLUM ( BD LEON );;;;560
200600077049;6;12;25;1205;1;2;1;1;3;107;QUELISOY VILLAGE (RUE DE;;;;560
200600077056;6;12;6;745;5;2;1;3;3;260;24, JUIN(AVENUE DU MAREC;;;;560
200600077064;6;12;8;800;5;2;9;1;6;260;., LE BARTZ(RUE GUILLAUM;;;;560
200600077068;6;12;13;1615;1;2;1;1;3;260;., REMY(BOULEVARD DU COL;;;;560
200600077119;6;12;30;1540;1;1;1;2;5;431;TOUQUET (RUE DU);;;;590
200600077146;6;12;21;1715;5;2;1;1;3;155;0.000, MALO CELESTIN;;;;590
200600077170;6;12;8;2050;4;2;7;1;3;378;VAN DER MEERSCH MAXENCE;;;;590
200600077208;6;12;28;1855;2;2;2;1;3;350;102, ARC RUE JEANNE D;;;;590
200600077212;6;12;4;1810;2;2;1;2;3;514;17, JULES HUART (RUE);;;;590
200600077224;6;12;11;1714;5;2;3;3;3;512;DE GAULLE (BOULEVARD DU;;;;590
200600077227;6;12;13;1915;5;2;1;1;3;650;DELECOURT (RUE ALFRED);;;;590
200600077243;6;12;29;1640;5;2;1;1;6;512;FOCH (RUE DU MARECHAL);;;;590
200600077251;6;12;5;825;2;2;1;1;1;421;03, FOCH (AVENUE DU MARE;;;;590
200600077258;6;12;12;1600;1;2;1;1;6;599;347, WATT (CHAUSSEE);;;;590
200600077279;6;12;19;1015;1;2;2;1;3;57;48, CHEMINOTS (RUE DES);;;;600
200600077306;6;12;29;1645;1;2;2;1;3;4;0, BRIQUET ( RAOUL );;;;620
200600077309;6;12;11;1530;1;2;1;2;2;570;DESMOULIN (CAMILLE);;;;620
200600077314;6;12;5;720;3;1;1;3;1;35;NATIONALE 43 ( ROUTE);;;;620
200600077320;6;12;22;740;5;2;2;1;3;119;AMIENS ( RUE D' );;;;620
200600077353;6;12;13;1957;3;1;1;1;1;573;XXXXXXXX, RD165;;;;620
200600077365;6;12;21;815;2;2;1;1;1;510;., ZOLA (R EMILE );;;;620
200600077379;6;12;7;1935;5;2;2;1;3;113;12, VIOLLET LE DUC (RUE);;;;630
200600077380;6;12;9;950;1;2;1;1;6;14;GERGOVIE (RUE DE);;;;630
200600077406;6;12;29;830;1;2;1;1;1;113;-, VIVIANI (RUE);;;;630
200600077433;6;12;1;2347;5;2;1;1;2;445;03, DUFAU;;;;640
200600077445;6;12;8;1610;1;2;1;1;6;445;14, JEAN MERMOZ;;;;640
200600077451;6;12;13;1350;1;2;3;1;3;348;JEAN MERMOZ;;;;640
200600077508;6;12;21;1550;1;2;3;1;3;100;., CASSIN (RUE RENE);;;;650
200600077529;6;12;1;1730;5;2;1;1;3;482;ROME (RUE DE);;;;670
200600077545;6;12;10;1850;3;2;3;1;3;482;ALTENHEIM (ROUTE D );;;;670
200600077550;6;12;13;730;5;2;1;1;3;218;21 A-B, GENERAL LIBERMAN;;;;670
200600077551;6;12;13;745;1;2;2;1;3;482;0, THUMENAU (RUE DE LA);;;;670
200600077556;6;12;16;805;1;2;2;1;3;482;0, GENERAL DE GAULLE (AV;;;;670