Num_Acc;an;mois;jour;hrmn;lum;agg;int;atm;col;com;adr;gps;lat;long;dep
200600077557;6;12;16;1230;1;2;2;1;3;267;0, ALFRED KASTLER (RUE);;;;670
200600077559;6;12;18;710;2;2;1;1;3;482;0, VOSGES (AVENUE DES);;;;670
200600077564;6;12;22;1115;1;2;1;1;3;447;00, ERSTEIN (RUE D );;;;670
200600077567;6;12;27;1930;5;2;1;1;6;447;HAUSBERGEN (ROUTE DE);;;;670
200600077575;6;12;14;715;3;1;1;1;7;66;LORRAINE (AVENUE DE);;;;680
200600077577;6;12;15;945;1;2;3;7;1;112;SOULTZ (ROUTE DE);;;;680
200600077616;6;12;1;940;1;2;1;1;2;266;5, PLACE DES MAISONS NEU;;;;690
200600077672;6;12;11;800;1;2;1;1;6;181;24, LECLERC GENERAL (AV);;;;720
200600077727;6;12;10;2015;5;2;3;1;6;19;R FESSART R LASSUS;;;;750
200600077738;6;12;11;900;1;2;2;1;3;4;R DU TEMPLE R DE LA VERR;;;;750
200600077757;6;12;11;940;1;2;3;8;3;14;AV DENF ROCHEREAU R HENR;;;;750
200600077798;6;12;12;1300;1;2;3;1;3;7;R P BLEUET DE FRANCE AV;;;;750
200600077799;6;12;12;2030;5;2;1;3;2;7;30 AV LA MOTTE PICQUET;;;;750
200600077800;6;12;12;1235;1;2;1;1;3;7;64 R DE LILLE;;;;750
200600077801;6;12;12;1730;5;2;2;1;3;8;BD DE COURCELLES R DE CO;;;;750
200600077826;6;12;13;2320;5;2;1;1;7;5;50 R CARDINAL LEMOINE;;;;750
200600077828;6;12;13;2025;5;2;2;8;3;8;BD HAUSSMANN AV PERCIER;;;;750
200600077857;6;12;14;1720;5;2;3;1;3;10;R DU HUIT MAI 1945 BD DE;;;;750
200600077872;6;12;15;2040;5;2;1;1;4;4;L1158 BD HENRI IV;;;;750
200600077873;6;12;15;1014;1;2;1;1;3;4;44 R SAINT ANTOINE;;;;750
200600077914;6;12;16;1440;1;2;1;2;7;15;8 BD VICTOR;;;;750
200600077937;6;12;11;2210;5;2;3;2;6;12;QU DE LA RAPEE PL MAZAS;;;;750
200600077950;6;12;18;1215;1;2;3;1;6;11;R FG DU TEMPLE R J VERNE;;;;750
200600077951;6;12;18;815;2;2;1;1;3;10;102 R FG DU TEMPLE;;;;750
200600077965;6;12;19;1350;1;2;1;1;4;1;PL VENDOME;;;;750
200600077995;6;12;20;1125;1;2;2;1;3;4;R DE BIRAGUE R SAINT ANT;;;;750
200600078022;6;12;20;1610;1;2;5;1;3;17;BD GOUVION ST CYR PL JUL;;;;750
200600078058;6;12;22;1220;1;2;1;1;3;6;34 R DU FOUR;;;;750
200600078063;6;12;22;1300;1;2;1;1;3;11;24 BD BEAUMARCHAIS;;;;750
200600078077;6;12;23;1940;5;2;1;1;6;5;30 R SOUFFLOT;;;;750
200600078112;6;12;26;1610;1;2;1;1;3;8;42 R JEAN GOUJON;;;;750
200600078130;6;12;28;2305;5;2;2;1;3;1;R ETIENNE MARCEL R DU LO;;;;750
200600078135;6;12;28;2020;5;2;3;1;3;5;R CHAMPOLLION R DES ECOL;;;;750
200600078161;6;12;29;2010;5;2;1;1;3;16;26 QU LOUIS BLERIOT;;;;750
200600078203;6;12;4;700;5;2;1;1;6;13;52 BD ARAGO;;;;750
200600078224;6;12;13;1127;1;2;1;1;6;20;70 R BELGRAND;;;;750
200600078233;6;12;17;1315;1;2;1;3;4;8;12 R DU HAVRE;;;;750
200600078238;6;12;1;1815;5;2;2;1;1;11;R ALEXANDRE DUMAS PAS DU;;;;750
200600078239;6;12;1;1015;1;2;1;1;6;11;65 BD DE BELLEVILLE;;;;750
200600078270;6;12;3;1025;1;2;1;8;3;11;58 R FG SAINT ANTOINE;;;;750
200600078272;6;12;3;417;5;2;1;1;3;14;82 AV GENERAL LECLERC;;;;750
200600078279;6;12;4;1845;5;2;2;2;1;1;PO NEUF QU DES ORFEVRES;;;;750
200600078280;6;12;4;830;1;2;1;2;3;5;12 QU SAINT BERNARD;;;;750
200600078285;6;12;4;1855;5;2;1;2;6;12;84 AV DE SAINT MANDE;;;;750
200600078318;6;12;6;1230;1;2;1;1;3;13;8 R CAILLAUX;;;;750
200600078322;6;12;6;1325;1;2;1;1;7;19;21 AV CORENTIN CARIOU;;;;750
200600078323;6;12;6;1215;1;2;1;1;7;20;16 R DES MARONITES;;;;750
200600078352;6;12;3;2350;5;2;1;1;6;10;56 QU DE JEMMAPES;;;;750
200600078366;6;12;7;900;1;2;1;2;3;5;34 R FOSS ST BERNARD;;;;750
200600078399;6;12;8;1515;1;2;1;8;3;11;34 R DU CHEMIN VERT;;;;750
200600078409;6;12;9;2150;5;2;4;1;6;1;R DES DECHARGEURS R DES;;;;750
200600078414;6;12;9;1820;5;2;1;1;6;10;70 BD DE MAGENTA;;;;750
200600078419;6;12;8;2040;5;2;2;2;3;14;R EMILE RICHARD R FROIDE;;;;750
200600078431;6;12;10;1655;1;2;3;1;3;3;R DE TURBIGO R DU VERTBO;;;;750
200600078453;6;12;8;1215;1;2;5;3;3;351;1, BERTHELOT;;;;760
200600078454;6;12;15;1430;1;2;1;1;1;351;1, MAURICE BLARD (PLACE);;;;760
200600078457;6;12;27;1745;5;2;1;1;2;351;VERDUN (DE) N°>195;;;;760
200600078469;6;12;6;1850;5;2;1;1;2;540;MARNE. BOULEVARD DE LA;;;;760
200600078478;6;12;12;1320;1;2;1;1;2;540;1, SAINT CLEMENT. PLACE;;;;760
200600078480;6;12;12;1600;1;2;1;1;3;540;RONDEAUX. AVENUE JEAN;;;;760
200600078489;6;12;16;2210;5;2;1;1;3;540;1, JEANNE D'ARC. RUE;;;;760
200600078508;6;12;4;1910;3;2;1;2;1;108;77, GUETTE (CHEMIN DE LA;;;;770
200600078515;6;12;4;1755;5;2;1;9;2;131;10, MARCEL CLAVIER (RUE);;;;770
200600078538;6;12;5;1830;5;2;1;8;6;284;ROOSEVELT (AV.DU PDT);;;;770
200600078541;6;12;15;1315;1;2;1;1;3;284;8, PLATANES (ALLEE DES);;;;770
200600078567;6;12;22;1136;1;2;1;9;1;491;89, VIADUC (RUE DU);;;;770
200600078586;6;12;13;1250;1;2;1;1;3;172;GRANDES TERRES (RUE DES);;;;780
200600078587;6;12;12;1645;1;1;3;1;3;5;00, RD 30;;;;780
200600078598;6;12;19;1800;5;2;3;1;1;383;Indét., VERCORS (AVENUE;;;;780
200600078602;6;12;28;1350;1;2;3;5;3;423;ignoré, FRERES LUMIERES;;;;780
200600078606;6;12;13;1945;2;2;3;1;3;688;ignoré, ROUTE DE GUYANCO;;;;780
200600078615;6;12;20;1205;1;2;3;1;3;311;01, VICTOIRE (AVENUE DEL;;;;780
200600078643;6;12;1;825;1;2;2;1;3;643;CHATAIGNERAIE AVENUE DE;;;;780
200600078660;6;12;19;1445;1;2;2;1;3;517;, DECHY (RUE MAURICE);;;;780
200600078740;6;12;6;1005;1;2;2;1;3;65;FILTRES (RD.PT. DES);;;;810
200600078770;6;12;21;725;5;2;2;1;3;121;0, 10EME DRAGONS (AVENUE;;;;820
200600078797;6;12;7;1400;1;2;2;1;3;137;NICOLAS (BD COMMANDANT);;;;830
200600078874;6;12;9;1231;1;2;1;1;2;191;0, JOFFRE RUE DU MARECHA;;;;850
200600078962;6;12;4;1845;5;2;2;2;3;10;KENNEDY (BOULEVARD);;;;900
200600078967;6;12;18;1700;2;2;3;1;5;10;12, ALTKIRCH (AVENUE);;;;900
200600078974;6;12;30;1615;1;2;1;1;6;10;19, CARNOT (PONT);;;;900
200600078984;6;12;20;940;1;2;1;1;3;114;LACHAMBAUDIE (HAMEAU DE);;;;910
200600078988;6;12;13;810;1;2;3;1;3;174;0, PAPETERIE(RUE);;;;910
200600079014;6;12;7;1530;1;2;2;2;3;691;RAYMOND POINCARE(RUE);;;;910
200600079028;6;12;9;1015;1;1;1;1;2;692;CD35;;;;910
200600079071;6;12;5;1830;2;2;6;3;3;12;DENFERT ROCHEREAU (PLACE;;;;920
200600079082;6;12;13;1810;5;2;1;1;2;71;55, BOUR5G LA REINE (AVE;;;;920
200600079137;6;12;8;800;5;2;1;3;6;40;30, GENERAL LECLERC (DU);;;;920
200600079174;6;12;20;830;5;2;4;1;3;20;73, REPUBLIQUE AV. N°27;;;;920
200600079275;6;12;19;1840;5;2;6;8;3;5;EUROPE (CARREFOUR DE L');;;;930
200600079295;6;12;17;645;5;2;1;8;2;10;ignore, GALLIENI (AV.) D;;;;930
200600079308;6;12;11;1840;1;2;1;1;6;29;130, HENRI BARBUSSE (AVE;;;;930
200600079329;6;12;13;1305;1;2;1;1;2;32;MONTGUICHET  (CHEMIN DE);;;;930
200600079333;6;12;18;810;2;2;3;2;3;47;JEAN JAURES (AVENUE);;;;930
200600079346;6;12;12;1450;1;2;2;1;1;46;PACHOT LAINE RUE;;;;930
200600079368;6;12;22;1550;1;2;1;1;3;48;53, PRESIDENT WILSON (AV;;;;930
200600079394;6;12;20;915;1;2;1;1;6;14;5, MAURICE AUDIN (ALLEE);;;;930
200600079410;6;12;21;1550;1;2;1;8;2;66;7, LIBERTE;;;;930
200600079430;6;12;25;1805;4;2;3;5;3;71;SAVIGNY (CHEMIN DE);;;;930
200600079445;6;12;22;1500;1;2;1;1;2;78;DAMBEL (AVENUE EMILE);;;;930
200600079476;6;12;13;1045;1;2;1;1;7;59;ARDOUIN (AV);;;;940
200600079499;6;12;18;845;1;2;1;1;6;28;0, HALAGE.(QUAI DE ET PA;;;;940
200600079523;6;12;7;1015;1;1;1;1;1;76;24-26, CHASTENET DE GERY;;;;940
200600079552;6;12;24;1200;1;2;1;1;3;34;MAURICE TENINE (R);;;;940
200600079553;6;12;27;1500;1;2;2;1;3;73;4, REPUBLIQUE (AV DE LA);;;;940
200600079563;6;12;12;910;1;2;3;1;3;46;., MAURICE LISSAC (R);;;;940
200600079567;6;12;2;1015;1;2;1;1;3;15;VICTOR BERRIERE (QU);;;;940
200600079580;6;12;12;1830;5;2;1;1;5;68;10, GAMBETTA (AV);;;;940
200600079582;6;12;18;1745;5;2;1;1;1;68;GAMBETTA (AV);;;;940
200600079596;6;12;28;1810;3;2;1;1;1;74;0, SABLONNIERE (R DE LA);;;;940
200600079607;6;12;9;1635;1;2;2;9;1;67;GENERAL DE GAULLE (AV DU;;;;940
200600079633;6;12;10;305;5;2;2;1;3;18;VERDUN (AVENUE DE);;;;950
200600079684;6;12;16;1815;5;2;1;2;1;607;0, HERBLAY (RUE);;;;950
200600079977;6;12;4;1438;1;2;1;1;1;33;SANS, ABATUCCI - RUE;;;;202
200600080053;6;12;1;2330;5;2;2;1;1;386;COURS VITTON;;;;690
200600080069;6;12;12;1540;1;2;2;1;3;383;RUE DUGUESCLIN;;;;690
200600080078;6;12;21;1910;5;2;2;1;3;383;QUAI VICTOR AUGAGNEUR;;;;690
200600080247;6;12;10;357;3;1;1;1;6;106;A51-Sens Aix en Provence;;;;130
200600080354;6;1;5;1430;1;1;1;1;1;415;;R;0.0;0.0;974
200600080377;6;1;27;545;3;2;1;1;3;103;;A;0.0;0.0;971
200600080386;6;1;23;1135;1;2;9;1;1;304;Rue Thomas Guidiglo;G;0.0;0.0;973
200600080388;6;1;29;1800;2;1;1;1;1;416;;R;0.0;0.0;974
200600080396;6;1;11;850;1;2;4;1;6;107;63, PAUL LACAVE ( AVENUE;;;;971
200600080400;6;1;5;743;1;1;9;1;2;113;PONT DE POUCET;;;;971
200600080455;6;1;8;1715;1;2;1;2;3;302;MANGO (ROUTE);;;;973
200600080457;6;1;7;921;1;1;1;1;3;302;TROUBIRAN (CHEMIN DE);;;;973
200600080458;6;1;4;1615;1;2;1;1;3;302;BADUEL (ROUTE DE);;;;973
200600080465;6;1;17;1406;1;2;1;2;3;302;MADELEINE (ROUTE DE LA);;;;973
200600080470;6;1;19;1250;1;2;1;1;1;302;ANATOLE (CITE);;;;973
200600080471;6;1;17;1817;4;2;1;2;3;302;BADUEL (ROUTE DE);;;;973
200600080476;6;1;31;705;1;2;1;1;3;302;ROCADE DE ZEPHIR;;;;973
200600080488;6;1;30;1720;1;2;1;1;1;302;MIRZA (ROND-POINT);;;;973
200600080489;6;1;28;1800;1;1;3;1;3;302;EUGENE GOBERT;;;;973
200600080490;6;1;31;737;1;2;1;1;1;302;BADUEL (ROUTE DE);;;;973
200600080499;6;1;10;1317;1;2;1;1;6;302;BOUDINOT (AUGUSTE) CITE;;;;973
200600080506;6;1;22;1830;1;2;1;1;2;407;1, LACAUSSADE A (RUE);;;;974
200600080510;6;1;23;1700;1;2;1;1;6;410;17, BRAS FUSIL(CHEMIN);;;;974
200600080512;6;1;4;1600;1;2;1;1;1;411;PANIERS (RUE DES);;;;974
200600080517;6;1;17;1715;1;2;1;1;3;411;BOUVET;;;;974
200600080518;6;1;24;1534;1;2;1;1;3;411;LIMITES (RUE DES);;;;974
200600080577;6;2;17;1345;1;1;1;1;1;121;;A;0.0;0.0;971
200600080606;6;2;10;1530;1;2;1;1;1;418;rue noel tessier;R;0.0;0.0;974
200600080661;6;2;25;1100;1;2;1;1;2;304;rue thomas guidigo;G;0.0;0.0;973
200600080668;6;2;11;1830;1;2;1;1;3;415;Rue Paul Julius Bénard;R;0.0;0.0;974
200600080682;6;2;17;1830;2;1;3;1;6;101;DESRAVINIERES;;;;971
200600080710;6;2;18;1750;1;2;1;1;3;209;, JAMBETTE (ROUTE DE);;;;972
200600080715;6;2;20;2000;2;2;1;2;3;209;170, MAURICE BISHOP (RUE;;;;972
200600080748;6;2;25;936;1;2;1;1;3;302;ROCADE FELIX EBOUE;;;;973
200600080753;6;2;16;1646;1;2;1;1;4;302;JADFARD (RENE);;;;973
200600080780;6;2;6;1550;1;2;1;2;6;411;00, BOIS DE NEFLES (RUE;;;;974
200600080792;6;2;25;1310;1;2;1;1;1;411;15, PROVIDENCE (BOULEVAR;;;;974
200600080796;6;2;24;1842;2;2;2;1;3;411;1, ANNE (SAINTE-);;;;974
200600080838;6;1;2;745;1;2;3;2;3;302;ROCADE DE ZEPHIR;;;;973
200600080854;6;3;18;1845;5;1;1;1;1;216;1 Station service TEXACO;A;0.0;0.0;972
200600080866;6;3;20;1130;1;2;1;1;2;125;Route de LA COULEE;A;0.0;0.0;971
200600080879;6;3;18;1615;1;2;1;1;1;418;et rue Montée des Veuves;R;0.0;0.0;974
200600080887;6;3;26;1130;1;2;1;1;3;419;RN2 - Bois Blanc;R;0.0;0.0;974
200600080900;6;3;25;1;5;2;1;1;1;412;262 Rue Raphaël Babet;R;0.0;0.0;974
200600080996;6;3;9;710;1;2;2;1;1;302;GOINET (LIEUTENANT);;;;973
200600081000;6;3;7;828;1;2;1;1;3;302;BADUEL (ROUTE DE);;;;973
200600081005;6;3;10;1105;1;2;1;1;3;302;TROUBIRAN (CHEMIN DE);;;;973
200600081014;6;3;20;942;1;2;1;1;3;302;CARREFOUR SUZINI;;;;973
200600081015;6;3;12;1810;1;2;2;1;3;302;MADELEINE (ROUTE DE LA);;;;973
200600081023;6;3;27;1550;1;2;1;1;6;302;BADUEL (ROUTE DE);;;;973
200600081024;6;3;27;701;1;2;2;1;6;302;DIGUE RONJON;;;;973
200600081028;6;3;30;1205;1;2;1;7;2;302;JUBELIN (BOULEVARD);;;;973
200600081050;6;3;13;1555;1;2;1;1;2;411;JAURES (BOULEVARD JEAN);;;;974
200600081059;6;3;13;805;1;2;1;1;1;411;AFRIQUE (RUE DE L');;;;974
200600081118;6;4;1;1300;1;1;1;1;5;222;Quartier Pontalléry 2;A;0.0;0.0;972
200600081123;6;4;18;745;1;1;1;1;1;107;;A;0.0;0.0;971
200600081198;6;4;17;1;3;1;1;1;6;416;;R;0.0;0.0;974
200600081210;6;2;26;830;1;2;1;1;1;213;;;;;972
200600081303;6;4;10;1044;1;1;1;1;3;302;RD POINT MARINGOUINS;;;;973
200600081354;6;4;9;1615;1;1;1;1;1;411;71, DUFOURG LES HAUTS (C;;;;974
200600081363;6;4;21;1815;2;1;3;1;3;411;1, SCHOELCHER (RUE VICTO;;;;974
200600081370;6;4;6;935;1;1;1;1;2;411;KARTING (DU);;;;974
200600081453;6;5;21;2130;3;1;1;1;2;129;;A;0.0;0.0;971
200600081465;6;5;24;1600;1;2;1;1;3;311;;G;0.0;0.0;973
200600081468;6;5;26;1845;3;1;1;1;3;418;;R;0.0;0.0;974
200600081518;6;5;1;2245;5;2;1;3;3;304;30 av léopold sédar seng;G;0.0;0.0;973
200600081520;6;5;20;1645;1;1;6;1;3;498;;R;0.0;0.0;974
200600081559;6;5;17;1436;1;2;1;1;7;209;0, ALLEGRE (BOULEVARD);;;;972
200600081567;6;5;21;2015;4;2;1;1;6;209;0, DOROTHY (ROUTE DE);;;;972
200600081594;6;5;11;1730;1;2;1;1;2;302;MONTABO (ROUTE DE) 2;;;;973
200600081598;6;5;20;1540;1;2;1;1;2;302;MADELEINE (ROUTE DE LA);;;;973
200600081599;6;5;20;1123;1;2;1;1;6;302;ROND POINT MADELEINE;;;;973
200600081603;6;5;16;1130;1;2;1;2;3;302;BADUEL (ROUTE DE);;;;973
200600081605;6;5;22;931;1;1;6;1;2;302;BADUEL (ROUTE DE);;;;973
200600081623;6;5;26;1435;1;1;1;1;3;302;TARZAN (PISTE);;;;973
200600081627;6;5;4;1650;1;2;1;1;3;407;TAMATAVE (BOULEVARD);;;;974
200600081635;6;5;31;1530;1;2;1;1;3;407;BOUVET (AVENUE);;;;974
200600081638;6;5;2;1925;3;1;1;1;1;411;KARTING (DU);;;;974
200600081643;6;5;17;740;1;2;1;1;6;411;1, DEUX CANONS (DES);;;;974
200600081696;6;6;14;800;1;2;1;1;1;128;Section douville;A;0.0;0.0;971
200600081699;6;6;11;1930;3;1;1;1;1;307;;G;0.0;0.0;973
200600081709;6;6;24;1615;1;1;1;1;1;420;Chemin Bras-Pistolet;R;0.0;0.0;974
200600081748;6;6;23;1030;1;2;6;1;6;309;rond point de rémire;G;0.0;0.0;973
200600081770;6;5;12;2205;5;1;3;1;3;213;ROUTE DEPARTEMENTALE 3;;;;972
200600081775;6;4;4;1830;2;1;1;1;3;213;26, BASSE GONDEAU (CHEMI;;;;972
200600081781;6;4;15;1547;1;2;3;1;3;213;CALEBASSIER (RUE);;;;972
200600081788;6;5;1;1410;1;1;6;1;3;213;ROUTE DEPARTEMENTALE 3;;;;972
200600081926;6;6;6;1214;1;1;1;1;3;302;SAINT ANTOINE (CHEMIN);;;;973
200600081928;6;6;6;1135;1;2;1;1;6;302;PREVOT (ERNEST);;;;973
200600081950;6;6;5;830;1;2;1;1;6;407;CARPAYE(AVENUE);;;;974
200600081951;6;6;7;1400;1;2;1;1;3;407;3, COMMUNE DE PARIS (AVE;;;;974
200600081953;6;6;11;900;1;2;1;1;3;407;1, COMMUNE DE PARIS (AVE;;;;974
200600081965;6;6;3;2315;5;2;1;1;6;411;DESBASSYNS (CHEMIN);;;;974
200600081973;6;6;5;1425;1;2;2;1;3;411;PAVEE (RUELLE);;;;974
200600081975;6;6;11;1350;1;2;1;1;6;411;LORY LES HAUTS (RUE);;;;974
200600081977;6;6;17;545;5;2;1;8;6;411;75, MONTHYON (RUE);;;;974
200600081983;6;6;23;1840;3;1;1;1;1;411;40, ILET A QUINQUINA (CH;;;;974
200600081984;6;6;28;1730;1;2;1;1;3;411;10, AMARYLLIS (DES);;;;974
200600081992;6;6;1;1940;2;2;1;1;6;411;BOYER (RUE MARC);;;;974
200600081999;6;6;24;1110;1;2;1;1;3;416;70, FOUR A CHAUX(RUE DU);;;;974
200600082000;6;6;26;1500;1;2;3;1;3;414;VALMY(RUE DE);;;;974
200600082055;6;7;30;1915;5;2;1;1;2;127;Sandy Ground;A;0.0;0.0;971
200600082077;6;7;8;1745;1;2;3;1;3;421;Mare à Poules d'Eau;R;0.0;0.0;974
200600082137;6;7;9;740;2;1;1;1;6;227;"lieu dit ""CERON""";A;0.0;0.0;972
200600082151;6;7;1;1945;4;2;1;1;6;101;DUGAZON;;;;971
200600082157;6;7;11;720;1;2;1;1;2;101;RN5-BOISRIPEAUX;;;;971
200600082227;6;7;5;1445;1;2;3;1;3;302;VOLTAIRE (AVENUE);;;;973
200600082234;6;7;12;1715;1;1;1;1;3;302;RD POINT MARINGOUINS;;;;973
200600082248;6;7;6;1215;1;2;1;1;3;407;72, RUE VERLAINE;;;;974
200600082271;6;7;26;1355;1;2;1;1;3;411;2, JAURES (BLD 2 JEAN);A;;;974
200600082333;6;8;20;810;1;1;1;1;5;217;hemin de Fond Des Basses;A;0.0;0.0;972
200600082360;6;8;11;1100;1;2;1;1;7;128;Richeplaine;A;0.0;0.0;971
200600082361;6;8;3;1130;1;2;1;1;6;116;3 chemins de vieux bourg;A;0.0;0.0;971
200600082365;6;8;2;1750;1;1;2;1;5;305;PK 18.900 - RN1;G;0.0;0.0;973
200600082366;6;8;11;830;1;1;1;1;1;311;;G;0.0;0.0;973
200600082415;6;8;31;1300;1;2;1;1;1;304;Route de pariacabo;G;0.0;0.0;973
200600082429;6;8;12;1435;1;2;1;1;3;101;BEAUSOLEIL;;;;971
200600082431;6;8;5;1600;1;1;3;1;3;101;DOUBS;;;;971
200600082472;6;8;30;1230;1;1;1;1;1;213;ROUTE DEPARTEMENTALE 14;;;;972
200600082494;6;8;9;1646;1;2;1;1;3;302;ROND POINT MADELEINE;;;;973
200600082512;6;8;18;1329;1;2;2;1;2;302;CESAIRE (CITE);;;;973
200600082516;6;8;26;1142;1;2;3;1;2;302;ESTREES (AVENUE D');;;;973
200600082529;6;8;4;2100;3;1;1;1;3;409;744, LAGOURGUE(RUE);;;;974
200600082530;6;8;1;1755;2;2;1;1;3;411;46, NOTRE DAME DE LA TRI;;;;974
200600082537;6;8;16;1608;1;2;2;1;1;411;LORY LES HAUTS (RUE);;;;974
200600082553;6;8;21;845;1;2;1;1;6;414;SANS, SAINT LOUIS(RUE);;;;974
200600082590;6;9;19;1430;1;2;1;1;1;224;quartier Lourdes;A;0.0;0.0;972
200600082597;6;9;8;1015;1;1;1;1;2;212;;A;0.0;0.0;972
200600082620;6;9;27;1945;5;1;1;1;3;116;;A;0.0;0.0;971
200600082633;6;9;16;1915;3;1;1;1;3;306;Jacques - RN 1 - PK 190;G;0.0;0.0;973
200600082695;6;9;22;1707;1;2;2;1;3;107;01, MURAT ANDY (RUE);;;;971
200600082730;6;9;2;1521;1;2;1;1;2;302;CABASSOU (ROUTE DE);;;;973
200600082738;6;9;13;1045;1;2;1;1;3;302;ROCADE DE ZEPHIR;;;;973
200600082742;6;9;11;1545;1;2;1;1;1;302;MADELEINE (ROUTE DE LA);;;;973
200600082743;6;9;8;1852;5;2;1;1;3;302;MIRZA (CITE);;;;973
200600082744;6;9;14;1725;1;2;3;1;2;302;BADUEL (ROUTE DE);;;;973
200600082749;6;9;18;1745;1;1;2;1;3;302;BADUEL (ROUTE DE);;;;973
200600082754;6;9;22;1250;1;2;1;1;6;302;23, EAU-LISETTE (CITE);;;;973
200600082774;6;9;9;1900;5;2;1;1;3;407;CARPAYE(AVENUE);;;;974
200600082779;6;9;26;833;1;2;1;1;3;407;MARINE(BOULEVARD);;;;974
200600082801;6;9;29;1850;5;2;6;1;6;411;NOTRE DAME DE LA TRINITE;;;;974
200600082858;6;10;10;1830;5;2;1;1;1;230;cité  beauséjour;A;0.0;0.0;972
200600082875;6;10;15;1015;1;1;1;1;5;119;;A;0.0;0.0;971
200600082883;6;10;23;1915;3;2;1;1;1;307;de la marée Cité Zénith;G;0.0;0.0;973
200600082885;6;10;1;2000;3;1;1;1;1;305;;G;0.0;0.0;973
200600082891;6;10;28;2000;5;2;1;1;2;312;lôtissement communal;G;0.0;0.0;973
200600082897;6;10;7;1915;5;2;1;1;3;418;15 rue de la plantation;R;0.0;0.0;974
200600082907;6;10;30;1730;1;2;1;1;7;415;Chemin Bras Canot;R;0.0;0.0;974
200600082951;6;10;19;845;1;1;1;1;2;103;;A;0.0;0.0;971
200600082967;6;10;26;1700;1;2;1;1;3;456;184 Route Ligne Berthaud;R;0.0;0.0;974
200600082984;6;9;14;720;1;2;1;1;6;209;DESROCHERS (ROUTE DE);;;;972
200600083060;6;10;12;1630;1;2;1;1;6;302;ABOLITION DE L'ESCLAVAGE;;;;973
200600083074;6;10;18;1906;2;1;1;1;3;302;RD POINT MARINGOUINS;;;;973
200600083078;6;10;21;1715;1;1;1;1;6;302;3494, MONTABO (ROUTE DE);;;;973
200600083085;6;10;24;1325;1;1;1;1;6;302;TROUBIRAN (CHEMIN DE);;;;973
200600083128;6;10;20;1826;2;2;1;1;6;411;12, COCTEAU (JEAN);;;;974
200600083203;6;11;15;1700;1;1;1;1;1;117;e Chazeau, Grands Fonds;A;0.0;0.0;971
200600083234;6;11;26;1030;1;1;1;1;1;412;in des Glycines à Bézave;R;0.0;0.0;974
200600083272;6;11;1;1645;1;2;1;1;1;440;Chemin des orangers;R;0.0;0.0;974
200600083297;6;11;4;1815;2;1;2;1;1;213;ROUTE DEPARTEMENTALE 3;;;;972
200600083319;6;11;11;1907;3;2;1;1;3;302;5, NOVAPARC (RESIDENCE);;;;973
200600083331;6;11;18;1816;2;2;1;1;6;302;25, EAU-LISETTE (CITE);;;;973
200600083332;6;11;18;1609;1;2;1;1;3;302;BADUEL (ROUTE DE);;;;973
200600083337;6;11;18;1054;1;1;6;1;7;302;RD POINT CRIQUE FOUILLEE;;;;973
200600083340;6;11;25;520;5;2;1;1;3;302;BRASSE (LIEUTENANT);;;;973
200600083342;6;11;28;741;1;2;1;1;3;302;RD POINT MARINGOUINS;;;;973
200600083346;6;11;12;1035;1;2;1;1;6;407;13, RUE AUGUSTE RODIN;;;;974
200600083359;6;11;5;2015;3;2;1;1;2;411;4, MUSCADIER (RUE DU);;;;974
200600083361;6;11;7;750;1;2;1;1;2;411;JAURES (BOULEVARD JEAN);;;;974
200600083442;6;12;13;500;1;1;1;1;1;210;quartier Bonny;A;0.0;0.0;972
200600083452;6;12;19;1715;1;1;1;1;1;111;Section Ferry;A;0.0;0.0;971
200600083453;6;12;23;1800;3;2;1;2;3;109;cité gilardin;A;0.0;0.0;971
200600083459;6;12;20;630;1;2;1;1;2;117;- Proximité Gendarmerie;A;0.0;0.0;971
200600083484;6;12;17;1015;1;1;1;1;7;421;;R;0.0;0.0;974
200600083486;6;12;12;2030;5;2;1;1;1;415;RD5 - Chemin Crève Coeur;R;0.0;0.0;974
200600083525;6;12;5;1145;1;1;1;2;2;103;;A;0.0;0.0;971
200600083542;6;12;24;1630;1;2;1;1;1;451;taigniers - Concession -;R;0.0;0.0;974
200600083651;6;12;8;1950;4;2;2;1;3;302;TIGRE (ROUTE DU);;;;973
200600083670;6;12;21;715;1;2;1;1;3;302;BADUEL (ROUTE DE);;;;973
200600083678;6;12;1;1325;1;2;1;1;3;407;20 DECEMBRE 1948(AVENUE;;;;974
200600083683;6;12;6;1115;1;2;3;1;3;407;RENAUDIERE DE VAUX(RUE);;;;974
200600083715;6;12;16;1535;1;2;1;1;7;411;10, PROVIDENCE (BOULEVAR;;;;974
200600083778;6;10;2;1440;1;2;1;1;2;209;322, KERLYS (RUE DE );;;;972
200600083802;6;10;25;2010;5;2;1;1;6;209;105, MAURICE BISHOP (RUE;;;;972